CASRN,LD50_avg
130209-82-4,0.42945341499820683
123253-00-9,-0.032423898543364874
123253-04-3,-0.153327543608978
14255-87-9,0.4055950255379773
50-56-6,0.0003539625805598579
93739-45-8,-0.009387846933189031
104902-33-2,0.2882335875337192
11024-24-1,-0.15901258477872096
125055-50-7,0.5488782842477277
125055-54-1,0.4903909089012311
125055-58-5,0.528755658962311
125055-62-1,0.6164982963817236
125055-66-5,0.45391017354183216
125055-70-1,0.6346646228924515
125055-74-5,0.296350726345158
125055-78-9,0.6164982963817236
130365-34-3,-0.12610035570940883
141-30-0,0.46941148132575944
149455-36-7,0.34211098073190277
22791-18-0,-0.5082298609023976
22961-83-7,-0.22778851345494963
34484-91-8,0.46280466503129636
53460-76-7,0.4450974029619295
63233-53-4,0.2465906833623129
72239-29-3,0.04518631548294817
76932-60-0,-0.066541602858542
93-05-0,0.2624711237495245
99300-61-5,-0.24604482507471442
116979-28-3,-0.03606248371342473
116979-32-9,-0.07053189696796414
127946-77-4,0.3675339035241186
14683-75-1,-0.36619487035920384
151327-08-1,0.4065315932384933
167375-26-0,0.5227366528658031
168152-70-3,0.3739456736552599
168152-74-7,0.49111682544556895
168152-78-1,0.45722358436434174
168152-82-7,0.547919691157933
168152-86-1,0.347121545983072
168152-90-7,0.4026004495729484
168152-94-1,0.34151671252017224
168153-01-3,0.4089417773061766
2240-41-7,0.2616372453588836
2455-45-0,-0.5611686334584386
33156-84-2,-0.08610087618046698
50335-03-0,-0.5446834922699113
50765-75-8,0.0360777385703742
54941-76-3,0.4161495049500822
54941-82-1,0.5540356157763345
6840-11-5,-0.10718766393116334
75272-39-8,0.157996678206494
100-03-8,0.6972533722965408
101190-60-7,0.304082296578863
10308-13-1,0.07950177624769492
106141-32-6,0.34175141871774856
108288-02-4,0.6354367071640349
1118-68-9,1.0963821355345937
113702-02-6,0.012146353846936847
115816-67-6,0.5144430590879465
119646-52-5,0.13296465830775653
1242-28-0,0.36716961166139495
128143-07-7,0.16779522055522691
132971-59-6,0.8279219404627722
138069-52-0,-0.041118276336882253
1466-76-8,1.0151630770915876
149246-67-3,0.5964204310545231
1675-54-3,0.7790587792427793
189624-86-0,-0.23665495221376392
2019-05-8,0.3951168246012654
20954-15-8,0.6310086863634418
21709-39-7,0.6378015944448784
23047-25-8,0.3291070606352947
26095-59-0,0.4798975981734813
30507-70-1,1.425028660856308
30560-33-9,-0.07187137794859527
32654-41-4,0.3668254794236239
34580-64-8,0.3369962626327071
34580-69-3,0.28841284402206707
34580-74-0,0.34609838609562227
34614-29-4,0.3788930515491439
34935-16-5,0.7152696908068075
36146-44-8,0.47185250625497666
39062-67-4,0.32508595221460734
40373-43-1,-0.1765376220292426
40374-18-3,-0.210778843446538
41817-54-3,0.6716015207247101
50765-72-5,-0.023120298726999645
50765-80-5,0.0546500809358636
50765-84-9,0.02435407206596604
50838-36-3,0.24503515827477035
52-01-7,0.3767784312225615
5301-65-5,0.4404109373298734
55232-82-1,0.2831364047946001
56344-92-4,0.33458323826713493
5834-96-8,-0.3184847515811426
58955-81-0,0.4653570323198656
59673-82-4,0.7302054801832747
640-67-5,1.3884520696698706
64037-26-9,0.6114667900105024
64951-30-0,0.38448003265472946
64951-35-5,0.4608953651659882
68274-52-2,0.5990016126546216
7152-03-6,0.933344252128523
73356-67-9,0.15304479909554877
74226-22-5,0.923105184421465
75274-13-4,0.6876410198649354
75274-17-8,0.6592138679540773
75274-21-4,0.6185123232729509
75274-26-9,0.4435900664150294
76874-95-8,0.44811015990878433
78-12-6,0.5277230931733107
78467-25-1,0.10077131577938432
78467-44-4,0.20372691484713568
78467-53-5,0.2540665139767471
78484-03-4,0.19478315210606312
79985-90-3,0.08867342343348261
80086-34-6,0.5660928745310811
80087-02-1,0.37434908511942194
80463-72-5,0.4881162665932347
80464-03-5,0.512541452331489
80472-73-7,0.4647771332042304
81479-65-4,0.5601153913149308
827-94-1,0.6367061954312453
85697-02-5,0.5249336312860488
86379-46-6,0.508931854828091
939-97-9,1.0541276657255183
96719-44-7,0.35925404457684385
96719-48-1,0.3680447824308245
96719-53-8,0.2542927068543053
96719-61-8,0.31836640753720485
96719-66-3,0.2728466508087348
96719-70-9,0.27110757682767633
97106-80-4,0.29225169915981253
98-79-3,1.1002623541755578
98518-98-0,0.4079723291739891
98519-04-1,0.3769237375963371
98519-16-5,0.2711559021974516
98519-45-0,0.28540999177683035
98532-67-3,0.3743396623154594
98532-75-3,0.34943728185876316
98532-83-3,0.39906541844191634
666816-98-4,0.27094929435768844
100402-60-6,1.2815928246177875
10109-95-2,0.9272576613277602
101708-04-7,-0.012530075480640359
102-04-5,0.9786982079093433
103201-78-1,0.8200928512699471
104801-96-9,1.041479043652108
105-74-8,1.4354429647779126
106-94-5,0.806824489369733
109-13-7,1.2052287521148053
110-53-2,0.9672668014139252
111-05-7,0.9987525697458528
111696-23-2,0.5941577385528676
112-39-0,1.3966167353317478
112764-00-8,1.0617697495823375
114772-54-2,0.5262946788673605
116337-61-2,0.6042410234458455
116337-66-7,0.4526491523305425
116337-73-6,0.5899118963755792
117570-93-1,0.5615918541944254
119-80-2,0.8808162455344896
120202-68-8,0.4387469016000677
122892-31-3,0.4517703901758915
123172-47-4,0.6637692430298245
123172-51-0,0.31755866958173995
123172-55-4,0.6325174618481858
123172-60-1,0.3981761440549384
123172-64-5,0.5136332353737443
125971-95-1,0.14260107398257288
1262985-24-9,0.26844943387804765
128119-70-0,0.9642003812804886
131631-89-5,0.2921586858313644
133914-85-9,0.6473247175743589
137521-47-2,0.753848906158754
137521-51-8,0.5875064148410233
137521-55-2,0.6364982084955606
137521-59-6,0.5515598061098917
137862-53-4,0.47299007078062855
141573-96-8,0.4204643917935048
142646-10-4,0.36284161948492605
144-15-0,1.3521276826668234
144702-27-2,0.34731338199699147
1458-18-0,0.6391239279500096
148040-04-4,0.4623366620426122
151390-79-3,0.31842138940604664
152264-72-7,0.4869488265645293
154212-59-6,0.10824452178381275
156755-23-6,0.15963468090871688
15993-42-7,0.569421828401002
1624-62-0,0.7181091306494749
1638-86-4,0.5921488428121278
17273-79-9,1.2521209217649518
176969-34-9,0.615451023760988
190442-10-5,0.614238469994657
19444-84-9,1.1202899471963332
2002-29-1,-0.3206444654168884
20485-39-6,0.8147028071999969
20723-85-7,0.561452835390895
20943-49-1,0.7486891544324111
22260-51-1,0.03722844943648049
2362-14-3,0.6216145514253217
23949-66-8,0.7232806886342696
2437-25-4,0.9935841868285266
2489-05-6,1.3882312974078566
2517-43-3,1.474965299782169
25628-08-4,0.018094704342576436
262368-30-9,0.32402692740449546
26761-45-5,1.2671466181939652
27310-25-4,1.3315333918346783
2835-68-9,0.7353867059966804
28961-43-5,0.6979878452429349
292605-05-1,1.2202190597164098
30129-28-3,0.8327387365209177
3021-02-1,0.7296204938303971
30544-65-1,0.5270133449326124
31328-28-6,0.5169870330879934
32462-30-9,1.0174876425959734
33398-01-5,1.0708316266718987
338-65-8,0.25551005317923875
34274-28-7,1.4464091607801268
34454-97-2,0.34656391915457924
35092-89-8,0.9955844673782392
36504-64-0,0.6815889508205275
37027-10-4,0.7045545727842208
38585-74-9,0.7230896318252381
39202-17-0,1.3054726978662754
39903-01-0,0.4405393743718606
40530-60-7,0.5322064148185544
41263-74-5,0.9307606139444109
41583-09-9,1.1192465764865394
4245-76-5,0.7016546639150864
461-05-2,1.349873365321163
4726-14-1,0.5602537879333278
4866-00-6,0.8543744468990457
49667-22-3,1.0220976949636102
503614-91-3,0.4315003078623114
515-74-2,1.3845454095385232
520-26-3,0.1497867214446149
52449-76-0,0.8484098829178036
53-84-9,0.8517846794061494
53037-34-6,0.8700126844166768
53471-74-2,0.15609862633115681
5372-81-6,1.0583348573999014
54112-23-1,0.5577889136529077
54301-26-7,1.0808529810749214
54903-12-7,0.6830359246003248
54903-61-6,0.5874590987432341
55232-77-4,0.3389354961585255
55699-10-0,0.3033255960999276
5660-53-7,1.0500752131657243
57843-53-5,1.1717652310337257
5888-87-9,0.8427778084537769
5945-33-5,0.3045904591959996
60046-50-6,0.9593404403946364
61-90-5,1.259821543595386
618-88-2,0.94863954247759
63503-98-0,0.9683069756247737
64131-85-7,-0.5753737754438208
6528-34-3,0.6436011034102865
669-90-9,1.386322243960729
68131-04-4,0.7049154188758584
6842-62-2,0.8732608254280059
68920-66-1,1.0701185752729718
691-37-2,1.220590847971237
69788-31-4,0.4497289049162836
70209-97-1,0.8806546215940433
70969-58-3,1.3059350972521195
72162-47-1,0.9439744835783508
7328-22-5,1.4153681436845837
73833-37-1,0.4936700824767587
74441-06-8,0.8015769846875136
75-26-3,0.8961916295944479
76950-43-1,0.8118728355123797
78778-28-6,0.2719010119440709
80427-93-6,0.42953291849992253
81936-33-6,0.8338812168879768
827-52-1,1.1528926135667468
83857-96-9,0.4507816207903562
84029-45-8,0.9661154488596161
848820-98-4,0.2953448715579527
85251-77-0,1.5000541629014343
86087-23-2,1.118836519732946
867-13-0,0.27132233726038885
87324-00-3,1.1435598815080232
87444-09-5,0.5785620037616224
88-45-9,1.3502001938738284
89-04-3,1.532472067704465
91-56-5,0.7892638425611581
915095-86-2,0.5448576373815566
922165-31-9,1.2117488293625749
932742-30-8,0.8168614316653791
944-73-0,0.5392942888455814
96-76-4,0.759633091574974
97416-84-7,0.24411964959796095
987-65-5,1.022346182954923
105755-07-5,0.6497726083383385
108-87-2,1.2882560689101028
1098-97-1,1.1966299917234322
112885-42-4,0.08289424305194282
118472-63-2,0.13611739494088043
121625-71-6,0.3748035355862799
122277-23-0,0.6483535877149658
123-28-4,1.1390352250090165
1239-29-8,0.31592252171526436
131707-23-8,0.03391113132572891
13403-01-5,0.6367227791480393
135302-13-5,0.6114929128467558
148477-71-8,0.4024774783949715
16150-45-1,0.5304039402190979
17438-89-0,1.0951406834651132
17696-69-4,0.19782110581535792
18691-97-9,0.665829970682066
19683-09-1,0.4545143132616401
20153-98-4,0.4679465812896734
20541-83-7,0.3318161520237916
224785-90-4,0.3765539693999569
24477-37-0,0.8251965294490455
2507-91-7,0.0863602908769106
26807-65-8,0.5769571973059738
30299-08-2,0.6289829159516905
3182-02-3,0.45630634442714707
3352-87-2,1.1089778061546822
33956-61-5,0.30386647686852297
34973-08-5,-0.0572286216825683
361366-16-7,0.5054980825367097
37693-01-9,0.6458949621523713
39205-83-9,0.8639800315466053
41400-85-5,0.6170465370437143
434-05-9,0.5584237021183476
47662-72-6,0.48101876799992815
51287-57-1,0.6537450720057978
51867-77-7,0.779510555206836
5287-46-7,1.1107220321992521
54029-21-9,0.4142186521870421
55079-83-9,0.8211211892507485
56-53-1,0.9688897058552379
56903-66-3,0.5154382674353546
5870-29-1,0.4243499599085857
60012-90-0,0.4963053055134631
61788-44-1,0.6830884272097708
63394-05-8,0.40407329848876533
63927-95-7,0.6626140900678363
66125-72-2,0.4423914038628009
67542-43-2,0.6566374269158419
69-74-9,0.7936432587572586
693-23-2,1.5498311327439473
70198-17-3,0.49425428362732726
70942-01-7,1.0082776997269232
72064-79-0,0.5170422663997429
73-31-4,0.5466408495241943
74014-51-0,0.531134463046478
74531-88-7,0.5190898389987052
75708-29-1,0.3590146203801796
77234-90-3,0.6781470673253995
79660-72-3,0.5099483088321846
81529-70-6,0.600715622608099
82958-11-0,0.08668841183733852
83647-97-6,0.50527562638351
87-08-1,0.9350898151736082
88599-32-0,0.7692337089913193
88599-38-6,0.5282529057078863
88599-46-6,0.6971235512446758
88599-50-2,0.7780937791235645
88599-65-9,0.5702876356030371
88599-71-7,0.7308380518056956
88977-22-4,0.32621124242799154
9004-54-0,1.2308000061040307
947-19-3,0.9134312955470947
99161-62-3,0.8734727637188853
10032-13-0,1.45465969480089
10094-34-5,1.1295776423336874
101200-48-0,0.7444409129366674
102-77-2,0.5677717073813389
103-17-3,0.6962876914573691
103041-38-9,0.8513695453005574
103112-36-3,0.4873973275678778
103577-45-3,0.057579782310863394
104-38-1,1.056632015671875
104098-48-8,0.3968272686614112
104931-87-5,0.9707986039890377
105-89-5,1.4112849973719281
10519-12-7,0.9871037235664593
10591-85-2,0.4621995288715451
106-27-4,1.538381984474677
106-72-9,1.472081895509462
106990-43-6,0.2975410613515873
107-95-9,1.3864442480943027
108640-35-3,0.7553502996017767
109713-79-3,0.6712615404960748
110-33-8,1.389398541033501
110235-47-7,0.8054199643733337
111-62-6,1.5097875892778032
1113-21-9,1.0845907606596963
111991-09-4,0.7584063662248862
112-32-3,1.4178970133013933
112-86-7,1.2904469321189356
112832-99-2,0.8246364637510346
113855-10-0,0.7721644852164696
115-99-1,1.2345078774221865
115964-29-9,0.47880888623888973
1173-88-2,1.009663074317641
117718-60-2,0.23679616347890656
118-60-5,1.048843496257128
1188-37-0,1.2093956314012089
120116-88-3,0.26493445493997975
121-98-2,1.1267836085474068
122-74-7,1.293724910065001
12236-86-1,0.7533667801448084
122931-48-0,0.7926646547258973
123940-93-2,1.4583162639293814
1241-94-7,0.7637535196772671
125930-50-9,0.2505004040157023
126-30-7,1.3911477640771057
127-33-3,0.6105455967400459
128075-79-6,0.8258931635704612
130-26-7,0.41790273985431925
131341-86-1,-0.08351952114886886
132-29-6,0.5614823344258455
132900-75-5,0.6334099389745005
13467-82-8,1.3100981573883288
135861-56-2,0.5383422343040103
137-16-6,0.980639330504008
138495-42-8,0.8917309464071316
13980-00-2,0.6368753253647184
1405-92-1,0.9502613970711173
141517-21-7,0.28798261771934386
142-91-6,1.4815461937583618
143-18-0,1.235766043139479
14437-41-3,0.4821605931952571
147-94-4,0.7936432587572586
1492-18-8,0.3919299472448235
150-13-0,1.0587949504973706
151-19-9,1.284180989411483
15318-45-3,0.7196145761652997
156052-68-5,0.4584706699256468
157810-81-6,0.08560201426538233
1622-61-3,0.5596085987051757
16816-67-4,0.4850409878706709
16974-11-1,1.5417228037021702
17233-65-7,0.6685365891161931
175013-18-0,0.4054402170133836
17597-95-4,1.1951133128461247
178928-70-6,0.29917212604398663
181274-15-7,0.7039165669305637
1824-52-8,0.6979335711690797
1852-17-1,1.0034965785514394
19009-56-4,1.2282592734557158
1918-11-2,0.16035656112873925
1961-77-9,0.44838593627030915
20231-01-0,0.48755628095480263
20424-00-4,0.48650822425087714
20777-49-5,1.029231583138047
2090-38-2,1.2220619716221346
21302-09-0,1.2573520712483308
21626-89-1,0.6036289529133461
219714-96-2,0.41598841714528134
221667-31-8,0.7154170105684395
2259-96-3,0.6718193333683171
23192-42-9,1.4787831055973906
23433-07-0,1.339334614353047
2349-07-7,1.5200813179211274
2375-03-3,0.1698662777264352
24237-00-1,1.079905086002484
24305-27-9,0.5352424130963953
24437-60-3,0.5217713755806495
24817-51-4,1.2898668134630458
2497-18-9,1.2940472555612939
25122-57-0,0.2518944019861047
25287-60-9,0.339300081701098
25655-41-8,0.8785849977598363
2605-78-9,0.6654165856762443
2624-17-1,1.1944908399994634
26309-95-5,0.8700083094102864
26651-96-7,1.3683717476041628
27025-41-8,0.7194164335669717
27519-02-4,1.1954041406378981
27816-23-5,0.9127248673437073
28002-18-8,1.146869115604112
2825-82-3,0.9736111975617778
28797-61-7,0.9443733368554807
2906-80-1,0.3664834888703154
294-62-2,1.4838940633951088
29761-21-5,0.7777814540853563
29878-91-9,1.0139601029625942
30125-47-4,0.3899020801590675
30468-49-6,1.029614324832579
3100-04-7,0.9843299902641782
3147-75-9,0.5924768158034915
31778-10-6,0.4692600374051981
32266-10-7,1.110392844155418
32764-98-0,1.2029907955975279
33021-02-2,1.3639355783303844
3351-05-1,1.2338814045910536
33817-20-8,0.8700083094102864
34258-79-2,0.40229276110494305
3441-14-3,1.0656428905104955
34687-46-2,1.038504303695897
35607-66-0,0.809846794328509
3577-01-3,1.0644880442183682
36432-46-9,1.2546249757798844
36735-22-5,0.4520366488971108
37209-31-7,0.6353883290957996
3740-92-9,0.5711450597663423
37514-30-0,1.0981961122384107
38462-04-3,0.2733042309091668
3862-12-2,0.6225122996888672
3902-71-4,0.46650831571217555
39807-15-3,0.5441093112982861
40454-21-5,0.9168134248285893
4090-51-1,-0.14842789151395058
41136-22-5,0.7190272358025065
41451-01-8,0.5906377730844443
42125-46-2,0.9686377282822507
427-51-0,0.4724201714140423
4334-73-0,0.3146311323989682
4430-16-4,1.076895005604039
4654-26-6,1.520821177073305
4711-68-6,0.7685403479432618
4826-62-4,1.3004916563504516
497-18-7,0.9877760444490515
500011-86-9,0.5632818003370959
50465-39-9,0.27805524939015114
50876-31-8,1.2377987237327308
51022-74-3,0.6478171777612645
513-86-0,1.2769824729163937
515-69-5,1.120685624834119
52152-93-9,0.7274101442697785
52364-73-5,0.5685609621332465
52709-87-2,0.5453430126659008
529-96-4,0.9163798942970729
53-39-4,0.4522138002673488
53304-46-4,0.7708192402929586
53398-80-4,1.263612506378326
538-65-8,1.1941806329332494
53939-28-9,1.3177533444068301
541-91-3,1.1318041771893284
544-76-3,1.375392709452138
5459-04-1,1.2353725129090987
54857-86-2,1.0431967059276552
555-43-1,1.5435923820819952
55719-85-2,1.2026432736142374
56-09-7,1.086751267721465
5607-52-3,0.5512288305737648
5657-19-2,0.756997548090219
56924-18-6,0.3677546590548215
57082-24-3,1.0916141879789738
57781-14-3,-0.1093997222566679
58327-11-0,0.6993691072643532
58327-16-5,0.6640094885511165
58327-23-4,0.35345761414256327
58743-77-4,0.7138952789404223
59557-05-0,1.0059267682117412
59719-67-4,0.4440406448224444
59943-31-6,0.28463273368723213
60397-73-1,0.7637582859613167
60763-42-0,1.3119904255383241
61-56-3,0.7086435813973194
61276-17-3,0.47896908727635656
619-01-2,0.903750158062634
623-26-7,0.4821013220669613
624-13-5,1.6201464437000699
6259-76-3,1.0765000255379564
62781-23-1,0.7006077402291611
629-62-9,1.3853119968650844
632-79-1,0.39897322319859213
636-30-6,0.8185302055115133
6381-77-7,1.0596780248027122
64098-32-4,0.44792722891445413
64221-86-9,0.6068277441771853
64532-96-3,0.7062628762292343
64953-12-4,0.5700675968505902
6556-11-2,0.6594558418829997
66309-69-1,0.6634014349822308
66408-78-4,1.1398841244662197
66505-64-4,0.4801701335308947
6696-47-5,0.8347747078276185
67124-09-8,0.9043601394004144
67785-74-4,1.099089404813539
67874-81-1,1.0671058070822377
6809-52-5,1.3365815476588359
68189-23-1,0.5882861269073898
68278-23-9,0.763661478677963
68442-68-2,0.6329886437158876
68912-13-0,0.9802712579801515
6909-55-3,0.5752189886711102
692-86-4,1.2741331375390406
69712-56-7,0.6170797756158444
701-54-2,0.9934197379214466
70356-03-5,0.8552131567982968
708-06-5,0.8166925385851991
71-81-8,0.4849216628492174
717-74-8,1.214277149359228
72102-84-2,0.5738741265954536
72542-56-4,-0.41777708703357613
72571-82-5,1.3832943343355038
7289-52-3,1.2267059385156838
73250-68-7,0.4984004298074599
737-31-5,0.8697195378208218
74011-58-8,0.747393746988466
74223-64-6,0.814014561517037
74441-05-7,0.4561004918223758
74697-35-1,0.442461656808514
74712-19-9,0.6772763657253517
74859-41-9,0.49588837823613263
7518-35-6,0.6984441366738061
75330-75-5,0.33954618698386196
7598-80-3,0.8107831559489804
76199-85-4,0.3066633589779318
76648-01-6,0.5097624528349969
77501-63-4,0.48866818045554855
7774-65-4,1.1871469892810143
77804-81-0,0.4064991106452428
78110-38-0,0.9069254323057209
79350-37-1,0.8581031898023561
80844-07-1,0.640889235711256
81-33-4,0.4135056204543252
81131-70-6,0.2238877745838741
814-89-1,1.3884520696698706
82219-81-6,0.7023928505137281
82692-44-2,0.47147567884244135
82697-78-7,0.612579084470511
82875-40-9,0.8622949990070078
82875-44-3,0.857044293530031
83055-99-6,0.7974308377012072
83395-28-2,0.5054899239018408
836-30-6,0.6105909014088674
841-06-5,0.7402830375569359
84496-56-0,0.6577193752113936
848-75-9,0.7224832252891716
85559-57-5,0.3439000278202252
86209-51-0,0.6303082346774846
866-84-2,1.216526524029246
871-70-5,1.4771632541348834
87495-31-6,0.4133548445036335
88-84-6,1.046166635241552
89567-03-3,0.4197992926178973
9004-70-0,0.5467356156734778
90717-03-6,0.7715224432174468
91524-15-1,0.5991985313125936
92-78-4,0.6264934530478914
92484-48-5,0.8779765569097183
93-92-5,1.187004074781689
93633-92-2,0.5494639761409792
94055-76-2,0.6854036367171332
94593-91-6,0.7746145610119817
95615-72-8,0.9031848152902592
96036-03-2,0.46448209491021303
976-71-6,0.4403127619527057
981-40-8,0.6554927889903881
98631-95-9,0.661523046311079
99105-77-8,0.6248076331871796
50782-69-9,-1.038152966231336
20820-80-8,-1.2181640502840323
35523-89-8,0.517835279813704
2600-69-3,-1.5719378739963972
96-64-0,-0.3616738768291162
2588-06-9,-1.3871970016599042
22683-30-3,0.7658644696290083
33232-88-1,-0.5391665958415712
21409-76-7,-0.5699208836200806
66637-26-1,-1.6187045207328374
56217-65-3,-0.934247990415583
2588-05-8,-1.4842883386543595
5836-73-7,0.30277458115053074
2588-04-7,-1.3536791673707775
6609-36-5,-1.3958621698394313
60756-96-9,0.0038542553511493024
89427-09-8,-1.420109621650032
67696-82-6,-0.8001249472496704
71108-13-9,-1.6670836724219478
89426-97-1,-1.5674153798496289
2496-92-6,-1.4585947561410921
50708-20-8,-0.9041085051921387
66-81-9,-0.43873881437247597
1438-16-0,0.4089419276313341
4394-04-1,0.4665192647597454
89427-07-6,-1.3464470502990733
31333-64-9,-1.0508481308884163
60244-55-5,-0.6758429025487726
72-00-4,-0.8603342533417095
89427-16-7,-1.5543035282328943
89427-30-5,-1.3084125482245093
1085-34-3,-1.019293431757938
3734-97-2,-1.6590150452891443
6552-19-8,-0.5838250310110075
2984-64-7,-0.8648865563006198
58259-60-2,-0.585836042658715
90220-18-1,-1.028927202348898
89427-34-9,-1.8468037077770947
51356-05-9,-1.2525785022191398
66-75-1,-0.43590304267300334
77-81-6,-0.322655862136212
90220-17-0,-1.0650943434538436
23255-69-8,-0.3466419613631946
3270-86-8,-0.9588286560738192
57-47-6,-0.9193341925840949
2511-12-8,-0.9710342666520683
89427-08-7,-1.1852984973900358
10311-84-9,-0.8597765721712683
20362-98-5,-1.1493287290046612
3568-51-2,-0.8296910593704941
41219-25-4,-0.378199860386102
55-91-4,-0.1781393232569178
762-49-2,-0.04762363173734467
59379-68-9,-1.377411515632307
85828-81-5,-0.08092555421481085
76858-53-2,-0.978695766658948
70374-39-9,-0.04847424554760922
302-27-2,-0.25487036181338735
2511-10-6,-0.959681866662524
63907-08-4,-1.8556835613488964
71108-04-8,-1.6320279583853794
89457-10-3,-1.612498216651971
4104-02-3,-0.8417349102781706
2642-71-9,-1.0006315358182767
404-40-0,-0.49517026023161803
24017-20-7,-1.033107886734475
50-76-0,-0.12017197345834911
100242-41-9,-0.8179819079112012
123252-98-2,-0.046765853421057005
139087-70-0,-0.2623692997493307
106231-34-9,-1.1817780045939288
89427-18-9,-1.0619128986884152
14689-60-2,-1.8086514722754725
3772-51-8,-1.6133448763185885
129-06-6,-0.4305673100919888
947-02-4,-1.153415995315873
4799-59-1,-1.1379291006600136
2343-36-4,-0.35867019580253345
76936-70-4,-0.7585547974774747
4228-91-5,-1.511646879390074
110263-73-5,0.00678918679446449
16537-51-2,-0.8554674452749615
321-54-0,-0.8070012891901287
3572-55-2,-0.5855491908750247
51-75-2,-0.8423310786057463
54927-63-8,-1.24637897911211
6596-74-3,0.6717247002064355
60244-67-9,-0.8998484280465944
814-49-3,-0.1503563708859368
88475-69-8,-1.1816248359302473
17702-63-5,0.1490361021646601
59375-57-4,-1.0865180411008095
22756-17-8,-1.2998782111847365
35944-85-5,0.22432826833401384
59375-65-4,-1.3447999486253832
3615-21-2,-1.5488125573844644
10080-80-5,-0.1359991615498687
2740-04-7,-0.696558667090495
3862-21-3,-0.33438133177448753
65610-14-2,0.4739095184270683
4205-99-6,-1.2994574220571706
106231-35-0,-1.127424962267542
1646-77-1,-0.9875414857200792
4186-17-8,-1.1670130439443485
81250-24-0,-0.001462887101989339
41905-80-0,0.829315345087178
66-32-0,-1.554072246301138
63815-58-7,0.12167739275606675
1031-07-8,-0.202792062074735
3309-78-2,-0.9349029394790171
937-40-6,0.2288056657325006
89427-37-2,-1.444729137336976
13908-93-5,-0.029989575677110424
23757-42-8,0.13155147582910787
81250-25-1,-0.07577724999435256
23282-20-4,-0.06877630772139172
154-93-8,-0.4362991015882125
22259-30-9,-0.8773832351074162
36616-49-6,0.3476765165790192
6554-82-1,-1.148329003078008
78-34-2,-0.8809969415893351
4044-65-9,0.5117851709005118
2231-57-4,-0.30832505173383123
69900-72-7,0.21088752414437498
89426-88-0,-0.8639476030111419
2917-21-7,-0.7103694907907033
78-94-4,0.6871298470962769
20417-92-9,-1.18711605409542
4549-40-0,0.46639638827122143
63937-32-6,1.2879131771453753
123277-32-7,-0.22016616127543367
13425-22-4,0.6570209088973011
22781-24-4,-0.6779654271064631
30560-29-3,-0.43263784579756165
50539-67-8,-0.9944409869342905
50539-81-6,-0.9446081410485571
50802-70-5,-0.8517619350278822
56538-02-4,-0.5837606025682993
61361-62-4,-0.30675159356593884
6452-87-5,-0.01168193570569959
920-37-6,0.1603701935604738
1420-07-1,-0.5213984036209336
59631-26-4,-0.9158026345266475
42509-80-8,-0.7531216364575324
24279-91-2,0.4422875930475983
312-73-2,-0.7740780074267863
57-94-3,0.01022320405757941
66840-00-4,-0.0163555714601463
22373-78-0,-0.535426687192443
89427-12-3,-0.860474081901946
3261-53-8,-1.3796931673044173
18032-95-6,-0.7962499535975021
3473-11-8,0.7057426141052823
51356-19-5,-1.03307654591624
66839-97-2,-0.48699016762225733
681-71-0,-0.44317488130151944
27704-53-6,-0.7867988284847308
18466-11-0,-0.7198468945499805
71108-08-2,-1.5657287428152629
14667-53-9,-0.6932117335540651
17040-19-6,-0.8355711124049046
10138-60-0,0.46341839254436945
55-52-7,0.17587334795897144
2631-37-0,-0.08646883056277345
3566-09-4,-0.4820041744108824
69226-05-7,0.4806517377216569
51487-69-5,-0.2365201983064563
74833-39-9,-0.323996538166216
325-85-9,0.41932405164040043
6420-47-9,-0.6595426532197399
3415-60-9,0.44127781543094946
7700-17-6,-0.6446233546073449
83733-82-8,-0.40345252735546966
1319-80-8,0.38824517425491784
27097-50-3,-0.04742318169070496
89457-09-0,-0.7089487870638255
24268-87-9,-0.36449369925635944
52670-78-7,-0.22491214210814808
1757-18-2,-0.9473250329287936
67-97-0,-1.330063311684399
1100-88-5,0.38539773545427114
100789-69-3,0.009667040645569983
3853-61-0,-0.6446928583571578
80026-76-2,0.122269719984333
3684-97-7,0.10571090311520719
333-43-7,-0.5873356283151628
64058-99-7,-0.027729479089481666
16752-54-8,0.6056497448217549
953-17-3,-0.5928897228371335
3671-60-1,-1.1157127608009552
102-08-9,0.17833088658940813
140-53-4,0.6112492466344946
18328-90-0,0.8160988063015866
25537-46-6,-0.5379883535275795
3070-19-7,-0.9932162308237915
35160-17-9,0.15164083012186882
3964-18-9,0.36468772974505215
591-08-2,0.4457569685641386
623-48-3,0.6712083169528555
63980-89-2,-0.0782280877565118
66232-26-6,-0.5243175287954521
77668-42-9,0.47395178535203736
926-64-7,0.6876736670307269
129-67-9,-0.14901657519253572
29168-87-4,-0.09650631666774677
106-96-7,0.24639743335713987
28998-47-2,0.13192348418262353
1072957-71-1,0.2514522639937583
63815-50-9,-0.9709462126106059
24994-52-3,-0.9852107390795082
466-06-8,-0.9761452743452692
64318-79-2,0.003266479456021644
50765-91-8,-0.37768800168516253
115-44-6,-0.17568711949650195
33210-39-8,-0.035558793708876865
57576-44-0,-0.9911633302018205
74-94-2,0.7656285748709969
65474-39-7,-0.24416543583247038
16219-98-0,0.08310871996851038
2813-95-8,-0.28770659610087546
50673-08-0,-0.8856465044448323
556-64-9,0.2502588519114242
91893-34-4,-0.3361966685047468
127-21-9,0.2549559454018734
3735-92-0,0.5916326538989828
87-47-8,-0.12887803834669118
118-95-6,-0.31893547125845
3690-28-6,-0.371577287801077
86811-46-3,-0.20067622206765007
107-04-0,0.289406685426705
557-75-5,0.8996675072198116
13413-40-6,-1.1400534858701743
51356-20-8,-0.6359786182368699
14465-96-4,-0.17229120815869195
91503-79-6,0.27768070040136766
572-48-5,-0.7884617616216385
17702-78-2,-0.5045244613880404
57647-79-7,0.05225013373761016
82-02-0,0.5081169657011243
1079-33-0,-0.1733225973310044
21498-08-8,0.10349332899772865
66671-82-7,0.0820845961302586
4081-32-7,-0.6254443672231056
63716-30-3,-0.08663209058516229
2922-44-3,-0.4397333829832406
66232-27-7,-0.5290741174168467
2720-18-5,-0.4650252936161393
5090-37-9,0.23668223684517614
111-44-4,0.040467047616484626
17455-23-1,0.2917641089923183
6008-60-2,0.1264458647768973
2597-53-7,-0.46512503061574995
16883-45-7,0.1441781823955291
143-81-7,0.2945245317855054
78816-67-8,0.07540904287903286
33396-37-1,-0.8735575118797779
5954-90-5,-0.5759450882612142
106-50-3,0.32442324062601163
1866-43-9,0.6154993407602849
2463-45-8,0.3653994016875673
766-05-2,0.7046759145126114
100-76-5,0.6277546268959575
997-70-6,-0.07932173465742914
1420-06-0,0.41983459441915993
54266-80-7,-0.7399398888021969
63834-87-7,1.003900159309508
38237-74-0,0.34931577793909463
2984-78-3,-0.6152926942434636
34552-82-4,-0.26724116352595806
64059-14-9,-0.09063724673696158
672-04-8,-0.23495516025382965
2674-91-1,-0.7369371489402058
764-41-0,0.34632684734139124
127-35-5,0.18944236428128172
2984-70-5,-0.476593424287781
616-23-9,0.19839099536229932
7070-93-1,-0.5994573589468077
6609-41-2,-1.2085369348546025
24258-94-4,0.2747855827062466
2984-65-8,-0.3843156129296234
62441-54-7,-0.7388110082002987
58338-59-3,0.7600055940818156
85519-42-2,-0.6336163103906507
7337-45-3,0.2883979106535297
156-56-9,0.9783948192499053
53179-11-6,-0.11468377636019193
100-43-6,0.6562649415308341
13286-49-2,-0.6497412580846235
17090-79-8,-0.535426687192443
1866-15-5,0.4535284662083625
23712-05-2,0.11122972433905394
29730-81-2,0.5031699601647727
3279-62-7,-0.3333099215548304
468-28-0,0.5058672244857624
5286-73-7,-0.87669112110614
5745-14-2,-0.4532694351184706
637-61-6,0.36027698635822264
66232-29-9,-0.4665334188001382
77693-03-9,0.04561406183014308
84197-36-4,-0.6924556674046114
89427-47-4,-0.8959467606569425
60719-84-8,0.6117143695570443
104757-53-1,-0.138145328574879
62382-21-2,-0.7513734563541912
67578-42-1,-0.15558690928329905
32784-82-0,0.40783436075594814
27704-46-7,-0.17595879220371372
18493-21-5,-0.45845011186538265
3460-67-1,0.7077720708338137
55689-65-1,-0.17564416635857008
3688-08-2,0.33130242780843927
50-35-1,0.7370082668233181
102-82-9,0.7246030566947151
109-75-1,0.2991300082060856
125-71-3,0.15052785100899418
25006-32-0,-0.20515293250163977
117666-89-4,0.42677559765539874
13256-07-0,0.35331925867620084
2921-31-5,0.09528596521987197
540-63-6,0.6982039799657674
25999-31-9,-0.3279269195528943
130365-36-5,-0.38869915540012984
30560-22-6,-0.43292314802093224
3761-41-9,-0.47642882343879667
54473-55-1,-0.32802004317015854
89198-09-4,0.6527905740056055
131-52-2,-0.2967506215338462
5707-69-7,0.4263287437556601
102771-12-0,0.3467638480384267
14368-24-2,0.5128254687589925
49637-08-3,-0.05197564419453595
5675-31-0,0.2774754134256135
89796-99-6,0.19082881259718046
109581-93-3,-0.6565764961467807
31232-27-6,0.1294258019598618
61822-36-4,0.6768122641022709
57-39-6,0.05685683155356251
3309-77-1,-0.5354585714479471
4715-23-5,-0.11982122637925215
63886-82-8,0.022392726058561116
749-13-3,-0.09826263544256339
18877-89-9,0.42329609335087176
13078-15-4,0.26038276740784944
7070-63-5,-0.40327660988083347
79616-20-9,-0.20870727791007965
62774-96-3,0.5083799258572023
109021-66-1,0.2308539362606376
6074-15-3,-0.12312019087425932
101-96-2,0.5641448719760235
101670-75-1,0.3470098845779278
1871-57-4,0.3703833994318747
25369-78-2,0.2169172922537649
3692-90-8,-0.13284756612552734
61887-08-9,0.2928097101569545
66276-87-7,-0.514326649501134
99300-57-9,-0.4938456357713443
3871-82-7,-0.007127792691945653
104606-13-5,0.205064663167663
111-69-3,0.7436252588993034
493-92-5,0.22784127480055014
1184-64-1,1.1958590666753754
115-93-5,-0.49840435045208575
156-08-1,0.3400740246453608
2346-99-8,-0.19790467752975127
5411-22-3,0.3400740246453608
117-39-5,0.6925223228500295
16339-18-7,0.4089087357714562
5728-52-9,0.5998200811951431
17256-39-2,0.3982064412289371
116-17-6,0.9309382625723697
538-02-3,0.31855857569176205
305-85-1,0.3003767495642379
60676-83-7,0.38202559664342806
99422-01-2,0.6542098851064552
126-61-4,-0.7220562289650891
15589-31-8,0.4291738567914649
195252-43-8,0.2185602333114216
112964-99-5,0.38930963676596464
5581-40-8,0.25943987776592337
50765-92-9,-0.24398353867050587
1121-24-0,0.5231034760765971
2767-80-8,1.1172245921347217
6425-41-8,0.8441315073226867
467-60-7,0.03191972231164962
638-56-2,0.3236831434493467
33005-95-7,0.3138110193627167
52432-72-1,0.05443809410201487
40806-03-9,-0.3088094450144324
146-54-3,0.07994948645786375
34552-83-5,-0.11468377636019193
65009-35-0,0.11783064980406954
2438-32-6,-0.1130512388492814
130-15-4,0.49374778606954955
33267-71-9,-0.102521806210774
51356-17-3,-0.5530570508668501
64118-84-9,0.17524434751226534
684-16-2,0.1691006867519243
13936-01-1,0.23437505969144512
31895-22-4,0.3690338963043344
33386-08-2,0.27525850835522664
317-83-9,-0.4232311223231687
100-75-4,0.5783021267002136
1113-14-0,0.501709555493929
135-23-9,0.34280053348611245
14557-50-7,0.40455430443809953
1614-30-8,-0.29683401874083654
2051-79-8,0.24438578525731008
2550-75-6,0.28660167930888414
28895-91-2,0.2807192859670925
3426-58-2,0.23595846866722603
4062-99-1,-0.1312000476721087
446-35-5,0.45472267687315815
51-05-8,0.7752177852026606
52718-96-4,0.4479139168878209
551-06-4,0.4353360527566396
614-10-8,0.008979956251624845
66232-30-2,-0.3909589054959802
738-70-5,0.7215949960991801
935-92-2,0.8990405096357993
15500-66-0,-0.1719960249863147
5114-37-4,-0.5695669779092866
77-78-1,0.5861240687748843
18545-48-7,-0.8502471458442853
156-51-4,0.2918529827952653
2235-12-3,0.8357412159699225
4437-22-3,0.7923215002014172
81-21-0,0.7262887612672351
41798-82-7,0.5039640138259468
74-83-9,0.5331144453646647
50-91-9,0.7853819484791856
36322-90-4,0.1687131276210325
36014-99-0,-1.0132265877448667
107-14-2,-0.08773966111536356
137927-73-2,0.4276371338649909
2779-66-0,-0.39588730812688616
33236-07-6,0.06921190960534072
54-91-1,0.40187903110038975
930-68-7,0.9002425975876285
2431-54-1,0.3140656085319721
1553-36-2,0.7185929459021413
29171-77-5,0.38072525092270953
64028-99-5,-0.4983357407361197
82350-97-8,0.5051248117763811
2746-81-8,-0.7437702256783356
51-21-8,0.884793042452268
88167-11-7,0.25331873329514226
512-82-3,0.9820006284312713
6109-97-3,0.06943440098893858
553-27-5,0.12621470184310443
1468-37-7,0.4728646940929108
40712-66-1,0.1289953274928019
438-60-8,0.152901962596078
99793-75-6,0.5043515537144255
2726-03-6,0.3950482672397873
57236-36-9,0.41028929812715464
152-97-6,0.05681774087136112
64204-49-5,0.4234117848798936
58262-44-5,0.7803639679457424
56287-74-2,0.07163693898727783
146-04-3,0.5692039228276806
17578-41-5,-0.41685709438632035
17751-70-1,-0.11698200981113313
17751-74-5,-0.1447767761002754
17751-78-9,-0.16251993829894096
18470-07-0,0.19217943599626325
20689-96-7,0.354312291292813
21270-01-9,0.09806810947503715
21270-05-3,-0.03677993060694598
21270-09-7,-0.09615174623956282
21270-13-3,-0.12650280283792262
21270-17-7,-0.11710656137010869
21270-24-6,-0.06260601358023299
2302-25-2,0.2981518449948604
28416-66-2,0.35787288807397577
321-14-2,0.8041331570882997
37565-83-6,-0.4135267221816091
41814-78-2,0.5630048806257645
545-06-2,0.35949642397537657
62-53-3,0.8045545211323448
6536-18-1,0.362418101378092
69226-50-2,0.34967807819975144
74680-56-1,0.46986467288975603
82258-36-4,0.5891816558087644
91893-59-3,-0.23821187247317183
1763-23-1,-0.26289099658343484
693-07-2,0.4432603914431888
40805-93-4,-0.6109031274048731
88069-49-2,0.08187165054954074
56400-60-3,0.4136145315328629
1229-35-2,-0.016402075002150435
2833-85-4,-0.2700188507420026
92398-48-6,0.5925285279517302
77788-21-7,0.3481923543535304
13523-86-9,0.5587995843049043
38194-50-2,0.10084240058783196
2669-32-1,-1.0336881284809238
140-29-4,0.9063378692168602
299-85-4,-0.2931004519857007
28808-62-0,0.44871008029978077
50-44-2,0.44677194550791216
25366-23-8,0.16320427490694472
2058-52-8,0.008032711659565353
475-83-2,0.07288181257728885
36417-16-0,0.34873687559364924
20917-49-1,0.5580089338676333
873-74-5,0.5417272458244421
7680-73-1,0.4112971473995029
3328-33-4,-0.6391451425895899
1146-99-2,0.1424411439255045
4410-48-4,-0.0854590717540494
120-08-1,0.8836771870587758
129-03-3,0.07975301257335339
85409-38-7,0.5118946325517444
26485-73-4,0.276795318961248
10140-94-0,-0.2049215047049003
127-63-9,0.8760762149519037
145783-14-8,0.29881647958343777
16780-88-4,-0.045831319404368416
20241-03-6,0.30919513749379485
2274-11-5,0.5186861274283201
24632-63-1,0.5037069343418904
32808-52-9,-0.15920019980254613
4205-52-1,-0.5336580756933624
4949-85-3,-0.30091517784442223
555-57-7,0.2772082143453211
61-54-1,0.37607855396839757
6753-24-8,0.3915406677854819
759-73-9,0.5147295433048504
93144-68-4,0.2686777298264426
999-21-3,0.4752737847874136
29128-69-6,0.2920422342236556
113-92-8,-0.1130512388492814
29098-15-5,0.43662521486551764
36001-88-4,-0.12859817158588654
20977-50-8,0.22451531006369932
492-17-1,0.5964451664139864
39004-94-9,-0.9151560056156411
14899-36-6,-0.00917688916407346
73384-60-8,0.06664133118432833
2489-77-2,0.5778092249304726
77-65-6,0.6143953197709282
22316-71-8,0.3386752397777316
39515-40-7,-0.1147682147343625
153049-45-7,0.12858401586001406
1190-53-0,0.8016804489303351
302-41-0,-0.10077725470949757
50-48-6,0.21726107329108588
55311-62-1,0.40152541028751154
7203-91-0,0.2500496589272172
824-78-2,0.4108423480196687
144980-77-8,0.37166942210782256
60045-37-6,0.42360013729532187
23456-94-2,0.206541354283932
62971-07-7,0.08563215059824708
10108-56-2,0.7352035442043439
49803-30-7,0.3553509445165003
83130-01-2,-0.1949815941999365
29547-00-0,0.4480071515616529
105628-07-7,0.4233511664861191
20830-81-3,-0.49744510999367997
932-83-2,0.5623675544849889
89648-76-0,0.2884162775275575
83-66-9,-0.09603775727494726
4549-43-3,0.15428847716626062
2431-50-7,0.3513387768806365
4636-83-3,0.30063960318267
7203-92-1,0.22125120546553784
98-94-2,0.6201606188980753
109593-75-1,0.0950187967123022
1508-27-6,0.22748224128031458
25726-97-0,0.47453443010503504
37128-40-8,0.63333234825066
58-40-2,0.22748224128031458
63717-18-0,-0.11270272566245212
959-52-4,0.6035804890604173
24033-18-9,-0.1197245502292033
81996-58-9,0.22717309554524276
7683-59-2,0.5155261734483199
10457-90-6,-0.08023738336940116
119-65-3,0.6818008252682304
4360-12-7,-0.0854590717540494
16401-80-2,0.3088873179081435
14008-79-8,0.29642959063515545
83881-52-1,0.2619367635814144
100330-91-4,0.5182708207886355
119-39-1,0.7374012627061657
33235-96-0,0.19905188086445375
71392-29-5,0.6154057446746766
63610-08-2,-0.003671786900748395
143-71-5,0.07743500033169591
2990-22-9,0.31971229610298924
3415-57-4,0.2538858129161382
63979-77-1,0.5619552985359831
107-59-5,0.8020862166666136
143-16-8,0.6412816281610512
4549-44-4,0.6710449248773716
99-92-3,0.8570849796885014
89194-77-4,-0.030035047874668652
2988-32-1,0.18256327144491896
3819-00-9,0.29043236385658966
62295-52-7,0.25438123742057445
111470-99-6,0.1531128837629056
2622-26-6,0.2928698129181674
59729-31-6,0.11411186621068989
1743-13-1,0.806622182492865
108-48-5,0.5920230203408379
111-19-3,0.8972554188198391
137927-74-3,0.3032369380298312
16588-67-3,0.3940063334667024
2154-02-1,0.24508833211527925
25237-06-3,0.33792366740011526
3598-37-6,0.23469212416835744
494-47-3,0.5756543879526494
538-75-0,0.6842563396825596
62708-54-7,0.27111048772396995
700-07-2,0.611564488882356
869-01-2,0.5608931851249952
98-57-7,0.7744253500902711
36085-73-1,0.386554393047987
894-71-3,0.32269105277757903
17756-81-9,0.36340402137463845
542-56-3,0.8068488877935694
594-72-9,0.36025257928649684
6899-10-1,0.5274542633079479
3671-00-9,0.21973379034454701
24095-80-5,0.026970342237444926
106635-81-8,0.23415658161730019
371-40-4,0.4554741279386156
1091-11-8,0.4424452993122533
1631-52-3,0.44053308313757433
503-87-7,0.5938828361362091
63307-61-9,0.28790157728637056
119-12-0,-0.6771214271153345
74711-43-6,-0.026781239776241555
36518-74-8,0.46054603833279917
21586-21-0,0.7354590931797229
33693-04-8,0.6350720233020539
2152-34-3,0.7946283097421203
69267-51-2,0.6168136315667704
825-56-9,0.744778346824394
95-87-4,0.9373612209575187
6933-90-0,0.3967710199769564
1990-90-5,0.4392546043432216
32179-45-6,0.4446287399186373
112839-32-4,0.25191975328518124
137927-79-8,0.36158607062599424
2591-74-4,-0.36050088156416965
3244-90-4,-0.5752099086946423
498-67-9,0.8661860286221102
64204-51-9,0.3712664588204303
56296-78-7,0.425703657298014
108-03-2,0.6886437533837626
30007-47-7,0.1799614936121813
106-40-1,0.3958803386033402
871-58-9,0.8794960976680042
34681-23-7,-0.7692817692830042
1508-65-2,0.34795091908859044
42864-78-8,0.5732806164249281
68523-18-2,-0.007878329698876273
24307-26-4,0.5318864167131865
7082-21-5,0.48697138100727183
154-69-8,0.31911500305502327
49866-87-7,0.03479653628924936
77753-23-2,0.4349433642667253
1187-59-3,0.6546475042182325
2901-66-8,-0.16314104652247408
621-64-7,0.6865438140890893
98-16-8,0.47959598960015615
93-79-8,0.3690296544994931
104719-71-3,0.24326076543096656
17329-19-0,0.5855418531199694
6385-58-6,-1.1482847772420057
6577-41-9,0.4564041730219162
40643-37-6,0.38105336187180916
109736-10-9,0.28139159766901506
123886-63-5,0.22364635061935828
123886-71-5,0.21627873112022047
1315251-11-6,0.612704811748785
135810-36-5,0.430366844607029
145071-62-1,0.137201642395323
1633-83-6,0.40372201925337253
18361-12-1,0.15567133046588016
18979-61-8,0.715220575750452
2078-54-8,0.891991174878345
2545-59-7,0.33003207395779743
2834-84-6,0.8657740315148486
30560-37-3,-0.25691774184225824
327-78-6,0.7950393548999385
3568-23-8,0.24491655859828784
3942-71-0,-0.06131761463217809
4418-26-2,0.8505142944916806
52112-66-0,0.4128350123220259
5579-85-1,0.4037791330664685
6047-17-2,0.2921239594057703
63979-27-1,0.45610979140359387
64037-31-6,0.4346721997653137
6853-79-8,-0.19517673321671275
76211-54-6,-0.10529480385796097
80834-49-7,0.14855767601424422
80834-53-3,0.04293887968389621
80834-57-7,0.15249458469126348
80834-61-3,0.16657227159237695
80834-65-7,0.17222487142244727
80834-71-5,0.10591274786674834
80834-76-0,0.1303132074954746
80834-81-7,0.2175754066032129
85-27-8,0.8225500258309321
91574-89-9,0.0956175188259262
134880-75-4,-0.11203334189793498
72-69-5,0.32269105277757903
110-46-3,0.8057472636346033
28998-67-6,0.6856563063448603
596-11-2,0.06348930460794408
59-33-6,0.339444677730666
84226-24-4,0.3452617654664323
1765-48-6,0.04450245235131214
1203-24-3,0.4623806248919555
70081-94-6,0.8747998067586259
3414-47-9,0.27222223638587406
33237-74-0,0.4228276855491372
536-90-3,0.8944285851671735
1687-61-2,0.8845483113278592
64058-87-3,0.2847436018934032
7554-65-6,0.8510027177359829
438-41-5,0.1856297504576483
6921-27-3,0.5578677063814761
156-43-4,1.0109241632798676
33213-28-4,0.7965169515024606
985-12-6,0.36098960727915785
17730-82-4,0.43643716896521667
1178-99-0,0.1920379088373865
1001354-72-8,0.9454010629701883
22916-47-8,0.4492146897999551
314-03-4,0.25337859205963587
39718-89-3,0.5837318528731059
617-38-9,0.5744549772101208
57262-94-9,0.41697175201342435
138-53-4,0.5424231208552097
58774-82-6,0.6634715680599786
152-18-1,0.19527611429655808
57165-49-8,0.39256695475117953
13047-13-7,0.3145451313131848
141-98-0,0.7345215793552098
2177-22-2,0.5751982353470975
3680-02-2,0.41160468933581784
3439-67-6,0.3427779025079004
22199-72-0,0.8502825726890565
7765-88-0,0.6278150105359377
274-09-9,0.8107795282371459
81994-68-5,0.4589910666217384
3734-33-6,0.3011409120593108
13707-88-5,0.6948298712623436
59-87-0,0.6469123581542492
75157-06-1,0.27206017880065425
108670-13-9,0.1630145590528085
144-02-5,0.11661887684355807
17243-39-9,0.4369438018656206
25476-46-4,-0.3266581438619108
33499-05-7,0.5469236965762159
37032-15-8,-0.14922561171317075
54941-75-2,0.40010170496139486
63938-48-7,0.6479933996338557
690-94-8,0.7351014921087268
75614-09-4,0.44797366205682926
78-71-7,0.25935349720536316
67-20-9,0.7846474543584981
108-68-9,0.8966568284283698
98-46-4,0.4763574285683986
73681-13-7,0.2589230321848019
3614-69-5,0.29749856547871945
10232-90-3,0.28946479274159953
2100-17-6,0.7476724253103819
36643-74-0,0.8681405926344258
761-65-9,1.0786394464832776
78816-47-4,-0.029861934193154534
33235-85-7,0.2500508273526151
126-02-3,0.48288824858631096
36335-67-8,-0.3061870812433203
5748-26-5,0.14322821717513262
37924-13-3,0.48743175111109904
15687-27-1,0.7995545119702219
5001-99-0,0.2926122526748641
32665-36-4,0.2790484687315418
5581-45-3,0.3812035210060051
1053-74-3,0.26621808211257814
17959-12-5,0.01856343501926842
54063-25-1,0.47886154293242117
58955-85-4,0.5449013422144086
13286-32-3,-0.7511830954740578
2570-26-5,0.7401348030284679
6334-11-8,0.8083550011069895
87798-87-6,0.1520118309472876
89845-17-0,0.09198965508885262
1069-66-5,1.209315706397473
3337-87-9,0.3002046822406868
99-66-1,1.209315706397473
107-71-1,1.0925813269033324
62610-77-9,-0.3506643348135342
4856-95-5,1.0553104469071521
6315-89-5,0.7127110064995562
75219-45-3,0.11872182638043438
4482-85-3,-0.35288234345828606
1244-76-4,0.2696348181272098
59010-86-5,-0.35919011192459266
17581-48-5,-0.17555389612490668
124-40-3,0.7656285748709969
10433-59-7,0.488714020201323
1948-33-0,0.8179143590235659
34183-22-7,0.6281381616974786
41510-23-0,0.13684547537607633
51352-87-5,0.47266896969540506
59-49-4,0.7682322360210845
61278-98-6,0.7185636284600647
93-71-0,0.3247105605196089
80-50-2,0.735076001513545
5418-63-3,0.552392046236893
23593-75-1,0.4309960804161074
10140-97-3,0.6370400737714275
1690-33-1,0.5272726295067459
5432-61-1,0.7450045166319429
3200-06-4,0.5404810656301976
68694-11-1,0.20118297160852866
25939-05-3,0.7032792093362784
3570-61-4,0.4918018914385713
7681-80-3,0.41349603874132895
51337-71-4,0.7050115445496774
91-59-8,0.7584783475929808
13522-00-4,0.5880536535411205
52334-99-3,0.6651941929942295
33353-30-9,0.5116360446012143
56-18-8,0.8168327364738843
24699-40-9,0.2858010219548873
80-18-2,0.7269921885226278
76-90-4,0.4281468880356044
6973-01-9,0.4533592830110414
99464-64-9,0.23737095455453736
13256-21-8,0.41429707381498887
14052-79-0,0.3001703750659478
15043-63-7,0.21541616394787205
19379-90-9,0.6199617549816167
3004-71-5,0.6709997965697113
35783-57-4,0.5133018649404589
52129-71-2,0.5269554509782161
60706-48-1,0.29914286256039185
7341-63-1,0.08148827015588467
85095-77-8,0.37471132065339646
5778-80-3,0.3117948942732848
553-69-5,0.5718535268404182
10347-81-6,0.46380857310374274
4171-13-5,0.9634643427120437
95-25-0,0.7359257258791838
74037-29-9,0.6447574987817376
467-63-0,0.2695460704207311
99793-38-1,0.4930151889315817
5560-72-5,0.32885099325851846
1532-10-1,0.6703657161263747
2156-72-1,0.7613444951164461
57665-49-3,0.3047165093898997
6728-26-3,1.2303960916954688
91-66-7,0.7698164784788014
22204-87-1,0.2678221155862325
109-06-8,0.6012010755908432
7795-91-7,1.313071851559205
6117-91-5,1.0841377026351031
632-22-4,0.8723737732109976
103150-29-4,-0.037104258751122304
13791-92-9,0.38416391060332583
16726-46-8,0.29231612547344155
25155-18-4,0.16015640710193402
3589-21-7,0.3974146913094291
42585-60-4,0.21674643237138547
55837-29-1,0.5212465816076886
59214-92-5,0.4001017257603253
64037-20-3,0.36672863790127774
665-66-7,0.741222331758297
78945-52-5,0.28121330829536867
14860-49-2,0.43934891551940736
21755-66-8,0.2858010219548873
1867-72-7,0.6629231372160853
556-82-1,1.299121453714413
76-58-4,-0.09306652887103103
64245-83-6,0.21163509094198424
88-82-4,0.30994854819920814
16714-68-4,0.43621176302739856
28929-86-4,1.232831132014126
6476-37-5,0.7918161303827148
3268-19-7,0.19902529240586847
1863-63-4,1.1497227693041947
111729-41-0,0.4053694178346241
43200-80-2,0.3818877564750649
40548-68-3,0.6308353025122901
87687-13-6,0.29160437991577093
51799-29-2,0.45840584998690986
3733-63-9,0.3308755304514134
550-70-9,0.391466228200012
4871-72-1,0.41139172287714443
115-76-4,1.2807318018770661
17969-20-9,0.42366590697938794
34314-63-1,0.9321161114837702
580-48-3,0.5197651792522964
25369-84-0,0.5471142483264902
101692-44-8,0.31848779719001086
479-92-5,0.7057523810749239
67746-30-9,1.1911236237969427
30653-83-9,0.6728960741600326
100286-90-6,0.11812355748428713
3140-73-6,0.5698302578068424
33235-84-6,0.3170644560194845
52963-63-0,0.12941330400350493
1172-18-5,0.4633993463484775
136-96-9,0.316943976681753
515-83-3,0.7905608070973004
6294-34-4,0.18087910571170376
24549-06-2,0.795897537970675
79201-85-7,0.057560731374214746
128-50-7,1.1134209662247057
2421-07-0,0.8244296736171938
91-16-7,1.0098391165967646
110283-66-4,0.16038149219737416
882-09-7,0.6788409197167453
13593-08-3,-0.45060731678877186
19376-15-9,0.8753799253780823
25103-52-0,1.2505653389282176
30616-36-5,0.6919802578939244
33376-05-5,0.34625489041205887
440-60-8,0.45788961250771926
54-80-8,0.6494206783273382
60634-41-5,0.32082535304147874
6558-78-7,0.6013221600456888
909-39-7,0.5099776058474033
75859-03-9,0.3548817853259263
602-01-7,0.45340554911655995
17321-77-6,0.3330213059809536
98-03-3,0.7564203099551903
17692-34-1,0.2845377205276996
76-01-7,0.5971901855302503
22355-34-6,0.761374081898695
87-13-8,1.142067619983448
1477-55-0,0.5767577171489697
393-75-9,0.2002540651505714
5800-19-1,0.20461511268515112
117666-87-2,0.47031610652627237
4442-79-9,1.166031126186805
637-07-0,0.7790362396744264
61432-55-1,0.403629963973704
109543-53-5,0.6302011572522928
642-72-8,0.38900038754135036
6004-98-4,0.3708088339145369
3581-91-7,0.7019621833114777
2752-17-2,1.1186387665506805
117666-85-0,0.5627639092584928
69579-13-1,0.49456839483119863
117666-90-7,0.8238112061106753
23255-93-8,0.40969539640424557
52712-76-2,0.5990799677002727
101903-30-4,0.56100900342629
115-46-8,0.46079871980002063
99-88-7,0.7782493031181642
24632-47-1,0.45840584998690986
98-10-2,0.9643496144015842
97-52-9,0.991220712741985
10078-25-8,0.25042130848780414
108287-79-2,0.5776206271670941
115-31-1,0.5396689943856768
128-04-1,0.8308881530484529
14214-32-5,0.6566542284014101
15433-03-1,0.25923997282262345
15911-16-7,0.7067835425363862
17788-11-3,0.2200734924721442
19932-85-5,0.6367651249638409
2313-91-9,0.14494538293227263
24853-80-3,0.22469922929045877
25506-00-7,0.5771168485216468
2652-77-9,0.5044316140290581
29560-58-5,0.2187692982726787
33236-18-9,0.3904436504844252
3547-04-4,0.5771206015062148
3724-65-0,1.0530864101422832
4362-44-1,0.20356397982264732
4935-70-0,0.46867151556252135
52963-62-9,0.24988192187039013
56235-95-1,0.5745721174740006
5826-73-3,0.9227683287676474
61738-03-2,0.4961203754419522
64037-07-6,0.42851763704024803
64037-24-7,0.49320836332339174
66422-95-5,0.6859613836501681
69002-86-4,0.32123430879488785
731-27-1,0.3359216384011671
75-85-4,1.2274631597374346
83-44-3,0.47859129824548996
87344-19-2,0.4171166310036094
946578-00-3,0.12244708577825636
56839-43-1,0.49965708222702326
288-13-1,0.7479328439219437
6145-73-9,0.14168545178326455
16111-62-9,1.2972211445540327
65442-31-1,0.5685151777432118
5942-95-0,0.1940264332085544
102-70-5,0.42342592866559664
149690-78-8,0.42379974937851933
56578-34-8,0.7508452559029586
51492-90-1,0.4837728232992016
1223-36-5,0.3970764300394968
3717-88-2,0.46490755623228475
629-31-2,0.9234630498707099
6152-33-6,0.6987752229618023
24049-18-1,0.59471995737528
2870-71-5,0.5174079546829199
533-06-2,0.667506726008393
72509-76-3,0.4757499417514356
1432-14-0,0.5933211244948224
623-87-0,0.48804651641188057
1606-67-3,0.7369359288116046
506-59-2,0.7656285748709969
64011-53-6,1.1632215908729941
57227-16-4,0.5212465816076886
26964-71-6,0.2709618614583184
4502-14-1,0.7835108634576969
4164-28-7,0.4276383736268089
141-18-4,1.2151970332290813
16339-04-1,0.6030189975997672
26130-15-4,0.7520478377656588
53902-12-8,0.8572088999613747
60-99-1,0.2261421178871265
70429-40-2,0.5624106154998597
97699-72-4,0.31692271210312273
34643-12-4,0.41648651510868195
39660-55-4,0.8298320910213854
106-58-1,0.7003044287196063
62265-22-9,0.029737750185591015
1503-53-3,0.5713777804014919
3818-90-4,0.6645550562566912
67485-29-4,0.1190938404595171
108-00-9,0.8752659730378258
15687-18-0,0.7512925134826711
76674-21-0,0.5600922042682772
3567-26-8,0.5696905756087716
60047-17-8,0.9011281795880777
64808-48-6,0.7687457948434027
117666-92-9,0.5373872154487201
64-55-1,0.7025059169285689
140-76-1,0.7369406513987468
551-11-1,0.3619227640540181
74-11-3,0.8321372873172905
35575-96-3,-0.5253802629633669
13187-06-9,0.25337859205963587
5266-97-7,0.15251257405582191
64057-52-9,0.7656201712561614
106498-99-1,0.12655198659441125
16339-01-8,0.6106238077295809
1982-42-9,0.5546276556584695
25913-34-2,0.4636248669282419
3569-78-6,0.8258712406224797
63887-50-3,0.623944895510443
80-49-9,0.5690671399261004
27125-91-3,1.2110054654950757
36364-49-5,0.9037188037700445
2244-21-5,0.8213124015634383
131-55-5,1.0311264325217968
28981-97-7,0.6541820350871885
39515-51-0,0.9426699221755352
56903-81-2,0.34054848837585466
1882-26-4,0.43810701929904433
63886-56-6,0.9749402041651131
91-63-4,0.7640067071070498
99803-72-2,0.5028783300969192
118288-08-7,0.16885852011318833
122-19-0,0.3036346482174567
140-93-2,0.9220553996383529
25417-20-3,0.8793091824005955
68206-94-0,0.48509430534163833
765-15-1,1.1384506253146198
63675-72-9,0.6100700262180109
578-54-1,0.8029937794231576
90-22-2,0.47183046496760994
544-92-3,0.7249854490371173
13329-71-0,0.735071527406814
86386-73-4,0.5597938530430902
1929-88-0,0.7341000273182733
2209-86-1,-0.27140801203509923
13001-46-2,0.9365923187259642
67-92-5,0.6110147073479435
75625-99-9,0.7416628220503307
123-51-3,1.305135776473546
19032-53-2,0.5232106339447962
3226-32-2,0.9189642663652368
617-94-7,1.041420063149117
141-82-2,1.255914711873396
118-61-6,1.118541666086975
532-03-6,0.5988902799525315
73986-86-4,0.5168482865931951
38700-88-8,0.75327993287948
2524-04-1,-0.17750095486126688
69563-88-8,0.14485558873241905
60207-93-4,0.44464656927657265
54143-56-5,0.2950342367871341
1940-42-7,0.27083816449160714
5790-91-0,0.6549209920157333
77664-07-4,0.45531266489108296
4121-35-1,0.6166512690615762
63957-56-2,0.0883048393142127
3006-93-7,0.580111665402288
91-88-3,0.8625027099536302
64057-90-5,0.4671189854817236
122-03-2,1.1914682288662155
49847-97-4,0.3239285610604315
132-35-4,0.40437996407517646
19625-12-8,0.30483306731787607
53734-79-5,0.1520619823253181
77599-17-8,0.3916785788901634
92-12-6,0.6235035768323434
10140-84-8,0.43584205441351564
123-38-6,1.2192064449125088
21452-14-2,0.819562678859713
4454-05-1,1.2398889347012434
31934-88-0,0.6327033306565759
2675-94-7,0.816394031584962
36505-82-5,0.13188332218439006
541-28-6,0.8983565101821458
69002-84-2,0.1782690547287879
64622-45-3,0.7678146824835059
120-71-8,0.8595029502391306
49803-32-9,0.4232516204203913
728-88-1,0.6643091547257429
66941-57-9,0.14784503029104717
15467-20-6,1.1698009064204375
33671-46-4,0.5942315677460464
17226-75-4,0.4635525081009577
22729-74-4,0.7332861864403706
98124-09-5,0.4189075597552855
10138-89-3,1.2239348979127365
50650-75-4,0.8207382428325829
154-41-6,0.868902376828044
3040-44-6,0.9528271602016509
102410-31-1,0.501402026503375
109-79-5,1.1278351706508345
1300-94-3,0.9516306703457852
13887-59-7,0.6250714285824133
143343-83-3,0.5577324864662767
18174-58-8,0.28556315616171785
2163-69-1,0.9133988978896692
24771-25-3,0.5746628450231148
3083-25-8,0.5020578302896088
483-63-6,0.8383835703216741
54-84-2,0.4896215985973675
56986-36-8,0.8192923694267737
590-63-6,0.4620586979572018
64036-74-4,0.5069483758195429
685-91-6,1.1167741231857007
7159-34-4,0.5826298740682663
83-59-0,0.5759785456739573
2628-16-2,0.8954939218243556
1532-02-1,0.8318220071508415
63938-14-7,0.8657177044097064
1532-04-3,0.8748167089297357
111-12-6,1.0916537200324357
2828-42-4,0.4524954013905145
6506-37-2,0.6666345255423894
96-48-0,1.2397454964136478
104-01-8,0.996160037205085
1830-32-6,0.34641222753473117
4746-87-6,0.770761959145245
87314-99-6,1.1333657130336667
98079-52-8,0.47565805996492133
64604-91-7,0.5215381977959541
941-98-0,0.8613318753102934
104-88-1,0.8960441604911091
54533-86-7,0.3251131173517944
121-32-4,0.9935989067751099
10138-19-9,1.0144168585081328
136-85-6,0.8120823855483355
1939-36-2,1.2534578416084465
22730-86-5,0.800530926136698
32588-54-8,0.669931896583315
36173-94-1,0.5468645520095279
5240-72-2,1.0702415224545492
577-59-3,0.9185672471975883
61706-44-3,0.5952710643845611
63956-91-2,0.5477638843824078
67747-09-5,0.36347559759316117
92-16-0,0.7762158309418399
23795-03-1,0.776511036043938
10141-22-7,0.6298015706778772
17292-62-5,0.6040872888568677
693-33-4,0.16336437857738545
91-57-6,1.1030809292413501
14293-44-8,0.7813409268349185
33499-12-6,0.6434067713577898
495-54-5,1.1904160980748515
98816-32-1,0.8279879862570987
5578-73-4,0.5917919584621466
22254-24-6,0.5078142264592735
3759-07-7,0.6162099700419571
7487-28-7,1.0143254370557853
555-84-0,0.5670945992909118
86-86-2,0.5525498475568605
10592-13-9,0.2927967959103249
13171-25-0,0.18736382064113916
140-92-1,0.9220553996383529
2052-14-4,1.0993292480639103
280-57-9,0.7512858052397823
4746-61-6,0.8792807312779845
51287-66-2,0.6267497141151672
67704-68-1,0.5765917220284036
94-83-7,0.693776436045872
1740-19-8,0.6077217334618041
100-06-1,1.1165378085205888
5694-72-4,0.9704334782847672
19406-86-1,0.7975957730435113
13713-13-8,0.4428712757014977
631-64-1,0.5907708721802702
5978-92-7,-0.008207527835493875
143-29-3,1.1522480846496812
2160-94-3,0.947093911652477
2373-38-8,0.810808486849262
40766-30-1,0.9850737619500046
647-42-7,0.4919526615586086
104907-80-4,0.6640272971391565
115-28-6,0.10259815274338199
509-09-1,0.5214761920040414
16768-69-7,0.615662368249013
16773-42-5,0.6243515291718704
5036-48-6,0.6961960627032326
76840-11-4,0.5175757107347942
109-08-0,0.6784377328165143
22304-30-9,0.6717873138923083
27464-23-9,0.685571035600252
3347-62-4,0.8472573821639318
38821-52-2,0.5710741532971821
58-38-8,0.1675300412214045
74-87-3,0.81177057614035
13758-99-1,0.4330451536323506
332-69-4,0.4416688322778878
2142-68-9,0.8587033806303378
77-67-8,0.5893862476045364
34123-59-6,0.8422320417301432
116763-36-1,0.2832052713430243
57499-93-1,1.2062749593722801
110690-43-2,0.5213691820425455
27050-38-0,0.4898524802274936
551-08-6,0.951212536965204
73138-27-9,0.7428714662964561
97-05-2,1.1752901272372198
34689-46-8,0.4493397393388663
2842-37-7,0.9206933205762257
71-23-8,1.396060308212731
1020-76-4,0.45737670575730416
151-73-5,0.19477031376526202
35793-87-4,0.7753066441254937
1158978-65-4,0.8618334371139857
140-39-6,1.0573420073436703
29387-86-8,1.2905600409260567
46878-66-4,0.551483496642207
7246-20-0,0.6091184649697612
52-88-0,0.5174079546829199
1531-99-3,0.8989797352918905
104-93-8,1.182902387117733
1582-09-8,0.8365750823599788
105-59-9,1.2243242060548116
103-18-4,0.8911244660347059
1531-94-8,0.9125271963817398
504-90-5,-0.010000436187283305
94-59-7,0.8132808822525582
12224-02-1,0.8524027091312089
5807-56-7,0.67778162617578
86433-39-8,0.21683447358686495
54915-62-7,0.5731877975673821
311-28-4,0.7128144991449369
102207-75-0,0.6707723238465428
1112-77-2,0.9038654829312346
120-14-9,1.0146824714986633
13764-35-7,0.3057501259061407
18530-56-8,0.7387552566613964
1953-89-5,0.3955448148852513
206-44-0,0.8741025467774592
24579-73-5,0.9218128607440524
260-94-6,0.7980734557603009
2894-67-9,0.7541145819566031
3087-16-9,0.645827767936172
33878-52-3,0.648848013759353
35604-67-2,0.8139278043156262
4412-09-3,0.5282717213233619
51423-20-2,-0.037104258751122304
563-54-2,0.7406618439227628
63867-10-7,0.7789794838044539
68-26-8,0.9570209774391257
72468-80-5,0.49048970615772935
73953-73-8,0.666544601683935
74764-93-5,0.4360617326043298
78-41-1,0.47859964734529264
8004-92-0,0.8271319300473989
846-50-4,0.746248210308639
87798-88-7,0.29106385926583483
88949-33-1,0.1868823403992627
90932-92-6,0.5491501991424526
96567-81-6,0.0595394556265302
6425-39-4,0.9550669235660003
54395-36-7,0.5936895221443104
20724-76-9,0.332674589232439
21436-98-6,0.8241753722661465
101-39-3,1.1314209798624901
4948-28-1,0.9455000374547208
129-81-7,0.70075136258921
66332-77-2,0.7660875008297572
80060-09-9,0.35962294506378817
91-58-7,0.908879723879046
67704-50-1,0.6092211496197792
10031-82-0,1.1176167843748734
121-79-9,1.0021086072054246
30751-05-4,0.5145757368302469
536-59-4,1.0669335045084278
68690-90-4,0.46217097796590323
90503-68-7,0.7610414990581572
1754-57-0,0.7566876643125766
875-83-2,1.0797700294587984
527-84-4,1.2656306980742207
16646-42-7,0.998398213046561
62-68-0,0.34974397446550964
112733-08-1,0.6137643573487266
140-49-8,0.591466272047872
26248-99-7,0.48000691644003035
3266-23-7,1.143751956019267
65-22-5,1.2038862043923433
74037-49-3,0.4790092533460036
34887-26-8,0.6078156149768683
4684-94-0,0.8775510373140547
3710-84-7,0.9921704929845179
69327-76-0,0.5219771393383296
116-09-6,1.325548593084209
17274-12-3,0.30994854819920814
25564-22-1,1.0919006033083136
39754-64-8,0.5084111819757043
620-02-0,0.8650654597735106
804-30-8,0.5516784769056444
99-63-8,1.0549396214081903
19395-58-5,0.7092832288674924
4531-49-1,0.49893717337262294
13450-77-6,0.6527999551451755
92-93-3,0.6004904894871507
135-98-8,1.2191084889521042
88019-89-0,0.9094420660263575
123-08-0,0.9271001559795922
54556-98-8,0.3244953286968817
86703-02-8,0.48934153166386646
1401-55-4,0.39738110851782704
55635-13-7,0.5749095427305403
1134-36-7,0.6346036059234951
612-12-4,0.7808827016315265
27016-91-7,0.514235366957102
7409-44-1,1.0667466214368684
31600-56-3,1.0692524075994796
625-95-6,0.8889744595718326
122-97-4,1.010558960563182
21921-96-0,0.8526988109596113
35941-71-0,0.8512206295348037
39236-85-6,1.041808818419764
642-44-4,0.48101630750292534
993-13-5,1.0112007891362305
16006-73-8,0.607230316177058
10312-83-1,1.1624361685668698
85-68-7,1.3369733393783947
67-45-8,0.5973728699769726
76280-91-6,0.4361942382149483
119600-43-0,0.3116933271073841
5221-53-4,0.5588143747377626
117-14-6,1.354022581524678
74-31-7,0.7495761639204862
13614-98-7,0.2065067368105476
136687-75-7,0.5904278634215865
17003-79-1,0.3267511594589392
27471-60-9,0.49272619329855305
51-50-3,0.41893604201627943
58182-63-1,0.4145801108607777
7116-97-4,0.8921285207760871
92-06-8,0.8300507557686654
99-30-9,0.8814078792420739
89-58-7,0.994869494006674
41826-92-0,0.833318369785799
89-81-6,1.030380465852438
1331-54-0,0.9421921789025742
3278-46-4,0.7785244050800517
79-36-7,0.6428977461465837
26717-47-5,0.49920568400768517
33499-10-4,0.7877083355793515
10453-89-1,0.894088765061188
112-24-3,1.0562560665457306
122-80-5,0.8082113563558171
15205-68-2,0.6505480188334096
2409-55-4,0.783957129492392
31717-87-0,0.9256080629250991
447-14-3,0.8010963061456409
5251-79-6,0.9739834479058563
598-55-0,1.0216821997555503
621-82-9,1.1363533933431182
64059-42-3,0.49110688127515906
78417-76-2,0.4068933339652333
82428-30-6,1.0934158480314728
56518-41-3,0.569227865787324
27589-33-9,0.6119930617574043
3759-61-3,0.6632899233609061
31430-15-6,0.2074402217088509
644-08-6,0.8858178225189505
543-49-7,1.1972324517398776
1079-01-2,1.061948662856238
19433-82-0,0.5649487799924208
376-89-6,0.6176191676560776
58810-48-3,0.5793288062290365
63732-08-1,0.6502076860680371
103-26-4,1.1202513220664336
56-34-8,0.6625310208772116
28283-89-8,0.820779012506927
491-37-2,0.8344701978239565
680-31-9,-0.4340579628794689
4335-77-7,0.7510821278768807
120-92-3,1.1779728237897034
120-57-0,0.7863612907980564
460-00-4,0.5147464080215054
57081-56-8,0.7210986090747689
88-10-8,0.7563496409366242
51122-73-7,0.5724790925729415
548-68-5,0.4612290999938688
152-47-6,0.8863226994170347
5284-22-0,0.9843530657033612
505-29-3,0.7611864750095511
84-51-5,0.7678194634819968
2275-07-2,0.6127586475815463
41663-84-7,0.7062829793478859
89-57-6,1.0148451508429024
4019-40-3,0.6836948295900864
60736-70-1,0.5122429262118571
79-43-6,1.1867515585646602
13484-13-4,0.6506730562174066
23350-58-5,1.0631630843600806
4169-04-4,1.0814094752934567
63783-49-3,0.6047169029568373
78-43-3,0.1588781607308082
55268-74-1,0.43061062459217536
1322-12-9,1.120200722266693
34643-09-9,0.4880843764602892
119-64-2,1.126259199828195
161559-33-7,0.5464589647378683
55-97-0,0.3164407663237859
124-68-5,1.205404859917253
532-09-2,0.82018842082016
126801-58-9,0.7320351669201174
35607-13-7,0.7780407457957464
75011-65-3,0.4824828907268362
25961-87-9,1.1237959955182855
60595-60-0,0.7900810567633544
76095-16-4,0.7998491041728251
592-88-1,0.6150316386017153
102-76-1,1.3500703477846776
108-22-5,1.0739865370925528
112-42-5,1.5087587709641048
13665-88-8,0.8336987561872631
1861-32-1,0.723328564965305
22936-75-0,0.7180549400662268
2422-88-0,0.5940879913715923
28606-03-3,1.0059827909201995
3813-05-6,0.5464566257786443
492-80-8,0.3342568865239059
53378-51-1,-0.07978492923979388
5760-50-9,1.2477535854240924
5936-70-9,0.6036626244092302
620-22-4,1.1094417623561286
68289-14-5,0.2683023681063651
73698-60-9,0.7132291214239737
929-06-6,1.367981121257071
161967-81-3,0.4768548581110458
3572-06-3,1.0138227309226886
27050-41-5,0.5173888271922518
4224-62-8,1.0116001743844987
1422-26-0,1.3133446912323161
2454-37-7,0.7782414401753333
40164-67-8,0.6951603698512615
59198-70-8,-0.10721308188541276
35322-07-7,0.4244955531347179
718-21-8,0.6057028445675117
37717-82-1,0.5298103328168734
55620-18-3,0.8587747026533432
123-43-3,1.0185035897932848
96567-85-0,0.37126411208789345
567-47-5,1.2209339331319666
105-08-8,1.1736822537561253
17741-62-7,0.37826884412484973
2550-26-7,1.0598360486528948
501-68-8,0.5993562830127662
597-31-9,1.2270828099951303
68-36-0,0.7487545380480635
79611-16-8,0.6138962312887262
92-64-8,0.8834451513163412
180793-95-7,0.468195867671676
127-08-2,1.1320463877692752
4056-78-4,0.9194356562016349
78-19-3,0.640570836425889
430-50-2,0.32064817354586245
354-21-2,0.9514246177263136
122-37-2,0.8713025738530851
3765-57-9,0.5667831558261962
97-90-5,1.0315322438839392
7549-33-9,1.108692489860125
96128-90-4,0.2746563569717909
40203-73-4,1.0267382632252866
66215-27-8,0.6176019416270113
10138-44-0,1.2735429982889748
14617-95-9,0.9877458221648634
23978-55-4,0.8558156288750649
41239-48-9,1.1597193747205803
6263-38-3,0.8331588817959187
7681-76-7,0.7267928542448573
1007-36-9,0.890231224821569
106-22-9,1.3944223927178598
93-29-8,0.9518013746286222
37350-58-6,0.716083503371119
10605-10-4,0.6705734538033844
133-90-4,1.0107334644450292
1476-53-5,0.059643944322444145
3347-30-6,-0.8276774761941658
5344-27-4,0.9632188161640611
63992-41-6,0.6344230563916706
88-86-8,0.820779012506927
99-72-9,1.1563462798806028
5431-33-4,1.2258946391201904
59607-71-5,0.6271061057006209
14976-57-9,0.19161279973827006
108-82-7,1.3796399857755919
2265-64-7,-0.24710113188971672
7247-57-6,0.40380256138360454
793-24-8,0.6334669901233367
1248-42-6,0.4684675945494613
19525-20-3,0.5657719684324837
4658-28-0,0.5132596376826314
86-26-0,0.9604372755029148
375-01-9,0.7877854112547498
99-85-4,1.1408053913680165
10058-07-8,0.39689255404103874
163165-91-1,0.6721313029807978
4364-06-1,0.999536552944081
121-03-9,1.0663316793376425
100-72-1,1.2048128965727938
122-40-7,1.1628783718978863
764-99-8,1.1233299183486016
112665-43-7,0.6507710789162908
2483-57-0,0.6708780655801156
115-71-9,0.9804911495481219
27007-85-8,0.2139166223798763
63980-23-4,1.3710547762133705
98079-51-7,0.47565805996492133
88-04-0,0.7323107058043348
141-01-5,1.106092708227574
64058-93-1,0.6572761365382378
4630-82-4,1.170718565026285
112-73-2,1.3092292418515084
2491-06-7,1.0963821355345937
5716-15-4,0.90073618034546
64204-55-3,0.7291545002804342
764-48-7,1.1781707544036688
765-05-9,1.226750142691474
3289-28-9,1.209279775520021
10274-44-9,0.7095661403473712
110-48-5,1.3678064465481516
122-70-3,1.3121147364572865
13344-50-8,0.5774983409381396
18664-94-3,1.134499849384513
25087-34-7,1.1265643008225403
3160-37-0,0.7439117548796423
41483-43-6,0.3102834046707826
52947-35-0,0.6308672736559988
63867-17-4,0.7209365873683484
65-23-6,1.3313318507686496
772-46-3,0.9448849454348147
91161-71-6,0.11972477541169486
27318-86-1,0.9387112583220529
26175-68-8,0.7410541388673846
10540-29-1,0.47689096643372747
3558-60-9,1.0871855485343977
68133-72-2,1.2004993921281346
72214-01-8,1.051203510902161
32852-92-9,0.9655105323001608
137-32-6,1.33754829216604
64038-52-4,0.8449647845216985
2909-38-8,0.8693201673454041
78755-81-4,0.47447000132968464
4435-53-4,1.502007950443784
102-79-4,1.1664614260127846
7149-26-0,0.8958299705362647
60264-83-7,1.20434645884454
1985-84-8,0.9219338902510994
52578-56-0,0.7912433443788206
10258-54-5,1.0405662671845255
17609-32-4,1.0944783850607234
53188-07-1,0.3921248071358729
927-07-1,1.0313577683014128
74007-97-9,0.36806789025127684
120-61-6,1.157806593944671
462-06-6,0.6823454531158697
135159-51-2,0.5176990235045957
339-43-5,0.913453410678256
7492-44-6,1.0490902578450743
79902-63-9,0.29418288369278917
26605-69-6,0.6239331520494114
513-37-1,1.0496979588686606
41890-92-0,1.2439806823987862
1117-37-9,0.922227823818711
31868-18-5,0.5707154764662231
52723-84-9,0.6407919644598181
60-00-4,1.2390181735068813
93-46-9,0.8491638245372052
13361-31-4,1.0984928718688916
87818-31-3,0.6359326282580662
10024-89-2,1.0553104469071521
1160-36-7,0.5004266935083137
23182-46-9,0.40955713217703915
556-22-9,0.5924696050628745
88-41-5,1.167721435632447
79319-85-0,0.28054042956517333
98-59-9,0.8943735431419448
122-72-5,1.268912039422776
24243-89-8,0.4691923172960827
555-16-8,0.7797976697291594
112-30-1,1.4221340213823015
122-20-3,1.2802229816899744
105-38-4,1.1902302771401285
1331-11-9,1.4565203073800614
24683-26-9,0.43680870956222
79-57-2,0.2700269847568427
148-87-8,0.8986992628358689
622-96-8,1.272236805644047
5888-33-5,0.8163624758113972
142-64-3,1.2104521328657722
98-83-9,1.157196180737428
101-07-5,1.0138653891626825
1322-78-7,0.8954435833086958
4126-70-9,0.9577884365592029
620-92-8,1.0137406746850903
109-42-2,1.2311189549286852
1166-52-5,1.0181057883702544
13021-50-6,1.361838901310123
140-27-2,1.1610179716629243
15686-71-2,0.968525530912353
16195-77-0,1.2056124376571289
18181-80-1,0.6223406834231311
202483-62-3,0.8534599479161455
23793-35-3,1.0171007621641195
31098-20-1,0.6999544966102391
34443-12-4,1.2601433015607
36653-82-4,1.517369723479769
3913-71-1,1.3392589981874539
424-40-8,0.5345209743912581
48145-04-6,0.9075231282178178
5413-60-5,1.0588734617699929
57018-04-9,0.18024347983879183
590-01-2,1.6598005843644246
6284-40-8,1.3873260087496788
64294-94-6,0.4745114421556397
7081-44-9,1.0233675399940878
75-29-6,1.1172041680802143
79-16-3,1.132539917459152
89-73-6,0.9507708943371034
92-84-2,0.7509360304379675
947-92-2,0.5117443383438951
3485-14-1,0.9349436562759366
15199-26-5,0.6342973926171301
5205-82-3,0.3906748761695156
38051-02-4,0.3744654444932514
128639-02-1,0.42355800925774584
10043-18-2,1.3508505125910606
15625-89-5,0.7156489650927338
1073-67-2,1.0553136424314418
1331-28-8,0.999865442513786
67801-38-1,0.9986635285056098
95-29-4,0.7814890497413339
3737-22-2,1.0725668053793274
93460-30-1,0.5991682083249218
23281-95-0,1.0268518188837257
101023-74-9,0.9359473695851701
15386-08-0,0.1575649876263921
2162-57-4,1.0181802890823202
118-92-3,1.0708113360899931
583-03-9,0.8360501655627507
2938-98-9,1.490490453824623
1331-29-9,0.8838327908626423
3021-22-5,0.7082319115999919
5051-16-1,0.3083839105156208
27344-41-8,1.0177651413190634
133-67-5,0.7784999811437653
70318-54-6,0.5721290078612442
141-78-6,1.519256413670012
96-08-2,1.0361590967484375
3569-57-1,0.6636745400564921
99-83-2,1.1678210416426302
50-41-9,0.9213483796438948
52463-83-9,0.7083329123022108
73713-65-2,0.5379991668123856
2173-57-1,1.0386511891205632
133-38-0,1.3669846257369582
22316-47-8,0.6776039081109946
3700-91-2,0.1736853065983661
651-06-9,0.7318435033005087
95-08-9,1.23619634221313
26377-29-7,0.4720890663530562
6012-78-8,-0.03470975158172176
42609-73-4,0.5771984248239455
4695-62-9,1.042515042415757
2969-87-1,1.059195661758281
5436-21-5,1.3387314865422515
83-64-7,1.4437075467433194
13116-53-5,0.3556773009838667
77-06-5,-0.2747768374674702
1871-76-7,0.8734442091232933
4702-64-1,0.9358072599734827
116-52-9,0.6944221818226486
302-22-7,0.5177140380424425
488-23-3,1.2822298812681976
13361-53-0,1.2075068571857488
6362-79-4,1.1123477084018192
79-20-9,1.3242291115055054
112-33-4,1.4221858345677627
534-15-6,1.3517812888574958
27302-90-5,0.7581087513702134
50776-39-1,0.48328820273107287
10126-87-1,0.6412831063719368
526-18-1,0.9460530789457137
1982-69-0,0.6929886566396688
150-84-5,1.5265858250775786
6637-88-3,1.0913283582261832
625-69-4,1.4735656678823803
1113-04-8,0.8704879389655739
100-79-8,1.0425255078706526
14270-40-7,0.9460100976050061
32809-16-8,0.5707036088852473
60-35-5,1.2318989414057193
10138-43-9,1.5417910857400923
19089-47-5,1.437217660870697
42711-84-2,1.278217049765273
2050-46-6,0.9767492622795364
105-52-2,1.224591452687077
14216-25-2,1.0047278033444278
99-62-7,1.1902000996469417
24902-02-1,0.7014327720470336
3775-85-7,1.1048544885400358
121-02-8,0.7761315872582621
119-67-5,0.996223553117089
2905-23-9,0.9314090633154957
56-85-9,1.3066330808664706
16356-11-9,1.1903348499302924
62973-76-6,0.5619874497537388
108-80-5,1.0398590836504868
4457-71-0,1.430885467360215
77-71-4,0.7843270653824643
142-88-1,1.4178493169025965
3615-74-5,0.4915960850086911
14007-45-5,1.4274208948085962
133-10-8,1.0778977039806998
41905-79-7,0.7431458342828907
72977-18-5,1.0587949504973706
3758-54-1,0.6558028955908168
312-94-7,0.8174211207886157
756-79-6,0.41402150234281665
80830-42-8,0.47134648932836454
117-83-9,1.2914796974126053
18472-87-2,-0.542016826940236
59-14-3,0.6126287496075185
88-62-0,1.5271814801598422
3547-33-9,1.1109941972377486
22898-01-7,0.5287658157110282
62637-93-8,0.7809867267956608
730-98-3,0.5144591700696182
108-29-2,1.357326290315037
6284-81-7,1.275649756336294
142-30-3,0.9782637004192786
569-58-4,0.8202796741603716
125-12-2,1.0726300148996768
101-68-8,1.1546228055025822
13009-99-9,0.9622163402755157
95719-26-9,1.0099456595020668
71771-90-9,0.5338982781819515
32887-03-9,0.5083583583175323
74039-02-4,1.1685666827800492
35457-80-8,0.5497161580155778
502-85-2,1.3937982040484562
94-51-9,1.256976215764117
660-68-4,0.8319763490610163
78-37-5,1.1269490772561777
132-89-8,0.6536045937592203
17804-35-2,0.6308040310676815
21649-57-0,0.8999783383988346
2440-22-4,0.6643761702835269
32061-14-6,0.5989227795597575
37661-08-8,0.7571617036038731
55283-68-6,0.5578757372370976
5837-67-2,1.1090031588344473
64532-94-1,0.6279734493747577
68302-57-8,0.46540105363792816
80734-02-7,0.708891855917182
3385-41-9,1.4178493169025965
2580-78-1,0.9642493295056311
9004-64-2,1.1922741645303712
106-36-5,1.6995006715124195
79482-06-7,0.4111583033524077
32449-92-6,0.8600079611877931
28523-86-6,0.6240259514173141
112-15-2,1.5455290171465097
1616-88-2,1.02507315177691
73816-77-0,1.152607764443093
2278-50-4,0.584881585302276
35170-28-6,1.0910275594392065
25841-37-6,1.2836870847579789
63867-52-7,0.6634517636998908
6980-18-3,1.5596771580086926
27541-88-4,0.6353669214910778
133-49-3,0.4866400000812935
100-88-9,0.8993837332807069
143-07-7,1.3183177730301416
62865-36-5,0.5650751559047787
16071-86-6,1.1583470455813525
1137-42-4,1.0895858951846014
540-18-1,1.605233826483141
23424-47-7,0.5169751998910734
128-42-7,1.0154260222632852
2421-28-5,0.7370617432580009
105-99-7,1.4699081807342753
118-03-6,1.3069093596720802
85844-93-5,0.5083980072968094
10143-54-1,1.4364471330731334
623-84-7,1.478131304743406
532-02-5,1.2661241652044246
77-99-6,1.4593021929838033
119-79-9,1.3739754811638054
3804-89-5,0.7216884754928204
2432-99-7,1.3057711862711303
18699-02-0,0.9427477967553128
1218-34-4,0.4917914413053957
29104-30-1,0.6790762514294248
51934-76-0,0.9037131479247282
98-08-8,0.9485996658421352
29091-21-2,0.5288978016221739
3605-31-0,0.9423305090374408
144-83-2,1.0132981606290898
11120-29-9,0.6002693510166555
5165-97-9,0.8691367983793313
849-99-0,1.3840159727291204
10143-20-1,1.4212734507779436
72490-01-8,0.6635546691107228
138-14-7,0.8683844362658
6338-70-1,0.8933422544010214
2971-90-6,0.46930940663769344
3338-24-7,-0.22348601405867913
51356-14-0,-0.4049753630427816
115-77-5,1.334017724802781
73926-94-0,1.1932758761597884
6620-60-6,1.1973209588569689
27178-16-1,1.36265232878752
7542-37-2,1.415682997647364
112-54-9,1.4044100925713456
88402-43-1,0.5967382499166173
10140-81-5,0.7197715179711353
50-99-7,1.2723693328774464
12627-38-2,0.8680807225343546
585-86-4,1.3458109627831176
112-58-3,1.272072223806512
27253-26-5,1.5989337148093843
7786-17-6,0.9117545149085519
53306-53-9,1.5218029131444677
1949-45-7,0.8162537252984803
76-13-1,0.8917844113274885
142-18-7,1.3501065083616368
2653-16-9,0.4921652643157272
3508-98-3,0.840961215336228
5510-99-6,0.7585274344667261
2475-45-8,0.994516281207321
39255-32-8,1.4542245254979727
108-74-7,0.7499197460833584
1307233-94-8,0.45024249122602467
1869-24-5,0.7376334651260303
23328-71-4,0.5229556580651007
34432-92-3,0.5148591326056378
36177-92-1,0.5800941836795687
67989-88-2,1.2390181735068813
74462-02-5,0.774641841712864
106-70-7,1.4358531254355575
1119-40-0,1.322386272583999
126833-17-8,0.36348088921551913
141-10-6,1.3836206220011977
177406-68-7,0.2791200028833337
25155-25-3,1.0476787195799715
51410-72-1,0.6615312839136777
6358-31-2,0.5514665695726813
693-36-7,1.1387580670141373
79-94-7,0.4219859411571097
840-65-3,1.0125462011340232
2032-59-9,-0.725534895993432
591-22-0,0.7222023854051639
16506-27-7,-0.1670827282782283
514-73-8,0.41825317793302086
7327-60-8,0.5214932731987523
26364-65-8,0.13197827250143584
63141-09-3,0.703619969817125
33229-34-4,0.4434211410382062
106092-09-5,0.42183401769950535
14044-65-6,1.2828758327835736
3775-90-4,1.0418986756497353
110-27-0,1.488190729552852
127-06-0,0.9416457953044894
21331-43-1,0.7747373586872949
78-79-5,0.9108514511880081
107-35-7,1.1753936387481165
124-18-5,1.373433787710801
41096-46-2,1.3816463562309493
56-86-0,1.3894845819633692
689-67-8,1.3634006588212937
8001-78-3,1.3633080939443711
94-13-3,1.1795267060432297
107-49-3,-0.7762287100170381
3691-35-8,-0.5746899494516347
534-52-1,-0.5352174771227872
950-10-7,-1.041496179422845
470-90-6,-0.8331984010617619
56-72-4,-0.9103806931092251
25311-71-1,-0.24431945184433643
3333-52-6,0.43970776102787734
60-34-4,0.32099683116206884
95-57-8,0.47013498570619516
78-82-0,0.7174622407729883
124-63-0,0.37461731414821353
485-31-4,-0.1644979504442013
107-96-0,0.6745404196794096
68-11-1,0.22051739416546073
2365-48-2,0.5245975354322046
102-36-3,0.8478091137448246
50-18-0,-0.40415299000079397
107-11-9,0.5318256423472563
303-34-4,0.06147488850605452
76-74-4,-0.3805576560697578
116-01-8,-0.22898039845661278
104-12-1,0.8490434425796716
135410-20-7,0.28777303526984743
13457-18-6,-0.6203854606523961
124-64-1,0.9820006284312713
10222-01-2,0.4099159365332067
106-44-5,0.8002634298617741
2540-82-1,-0.14656901965933505
58-55-9,0.5520354143890304
134098-61-6,0.4412755879848941
77-48-5,0.4592803860169471
69409-94-5,-0.03661588237283506
2463-84-5,-0.22848547590569285
93-76-5,0.5139680867974851
77-47-4,0.41777272943210325
554-84-7,0.6090411771017871
103-69-5,0.7304765795324325
3688-53-7,0.5620042953935009
109-73-9,0.8000885955717163
94-11-1,0.43764873010970806
142-59-6,0.33740627899816567
76-03-9,1.049973219038255
50679-08-8,0.24062014677048832
628-96-6,0.37347477674814455
54041-17-7,0.48696179459061045
136-78-7,0.5402135617716473
1762-95-4,0.35319653034771614
35691-65-7,0.3420817237954569
90-05-1,0.890539589705148
818-61-1,0.8350648027822978
115-32-2,0.3630428886501068
119168-77-3,0.4606167519627754
93-72-1,0.49527678403067954
99-56-9,1.0167682993189358
693-21-0,0.5821520834430566
85-98-3,0.6950624579492475
93-15-2,0.9953921406656139
1929-73-3,0.3419460014767805
158062-67-0,0.30578161714533686
75-98-9,1.1829656606063677
87-59-2,0.8015460505847558
636-21-5,0.7929814721433794
57-63-6,0.6086849166938273
124-30-1,0.7702665360256209
5417-35-6,1.025610736789321
88-12-0,0.8785849977598363
40487-42-1,0.29848225048248606
111-40-0,0.9679646259841149
2439-01-2,0.6754656414752906
389-08-2,0.6570411035949772
2782-57-2,0.758789380101573
1929-77-7,0.7261835811782872
101-21-3,0.5983578386744604
25307-17-9,0.925672443722832
562-74-3,0.9532926946709056
99129-21-2,0.495457278199017
845-52-3,0.6451826927562151
67306-00-7,0.5227011052086986
29911-27-1,1.3059682613393748
614-39-1,0.7811946766922181
107-87-9,1.3011578374921444
78-96-6,1.2888652361934247
62037-80-3,0.5305018484858134
93-75-4,0.44958562725463064
31512-74-0,0.6009084370516847
584-08-7,1.1958590666753754
611-70-1,1.113539342890455
111-88-6,1.0570992321751191
814-94-8,1.3884520696698706
108-10-1,1.3039469113720157
83-41-0,0.8569261134257473
104-68-7,0.9915672991723674
122-98-5,1.0345814322508968
40596-69-8,1.1645166534039517
56-75-7,0.633913531161232
54-31-9,0.8702123221195548
133-07-3,0.6944017169352477
109-65-9,0.8477213132330952
23386-52-9,0.9553147423153481
108-05-4,0.9996461020522721
5281-13-0,0.8484522379686954
29091-05-2,0.4046168294318604
142-62-1,1.3263749814173784
868-85-9,0.9926020944281196
3634-83-1,1.0687022738860357
5435-64-3,1.2544783280215843
64-19-7,1.1320463877692752
100-41-4,1.1852883414977948
106-42-3,1.3188625060837424
17636-10-1,0.9460536225458525
118-75-2,0.47097229693592785
603-50-9,0.8528770914751386
32388-55-9,0.9400498532333514
114-07-8,0.16714757480232045
79-01-6,0.4793331719073687
868-77-9,1.4732815301790487
112-49-2,1.3796895578668598
77-93-0,1.135727375965613
25339-17-7,1.350691700761748
23564-05-8,0.3814009430960306
20592-85-2,1.4464091607801268
498-66-8,1.10903266202487
111-11-5,1.4428898564420598
41098-56-0,0.7838597849616283
121-57-3,1.3845454095385232
115-95-7,1.290558726912963
109-43-3,1.5234055150120906
107-88-0,1.6502466699559162
112-80-1,1.235766043139479
351197-46-1,0.36292742374422515
7379-51-3,0.831191548754207
3089-17-6,0.5310024191356051
93839-71-5,0.6636238998222637
13071-79-9,-1.4968146783550762
944-22-9,-0.7366275408640707
53558-25-1,0.34426216728436704
786-19-6,-0.9501742265828407
109-77-3,0.42520620475731724
75-86-5,0.5450488651047615
62-56-6,-0.07748886783353436
732-11-6,-0.8242776016782137
95465-99-9,-0.48396059822699433
75-57-0,0.1441781823955291
105-39-5,0.3988592621699262
35400-43-2,-0.8255934961224044
95-53-4,0.7929814721433794
66841-25-6,-0.18629069762279304
120928-09-8,0.6614243751773827
75-89-8,0.6959412584220735
4553-62-2,0.711019111405695
52-51-7,0.35424761104923613
25899-50-7,0.5262878744704466
2162-74-5,0.8312909441719096
142-19-8,0.823772359418608
111-18-2,0.5607058205689469
439-14-5,0.7048959792834963
117-18-0,0.4191077235768784
741-58-2,-0.2797260927105133
106-91-2,0.9639851539918276
141-79-7,1.1430094387741754
123-31-9,0.7885639236363374
94361-06-5,0.5630242521094716
123-30-8,0.7438598690091203
138261-41-3,0.41863340513467484
330-54-1,0.8034718462245095
299-86-5,-0.09828560489743499
95-68-1,0.872355017484445
3425-61-4,1.0095929387375902
520-45-6,0.6533011951801645
97-77-8,0.4276054380505242
3064-70-8,0.4326653704563944
1121-60-4,0.8206461855442273
541-73-1,0.7279939201507163
299-84-3,0.2698973213101157
1972-08-3,0.45739493348966614
55219-65-3,0.33687326109307014
112-03-8,0.591640963111511
112-18-5,0.5424921030011071
372-31-6,0.6024806531809337
91-53-2,1.0455400806677346
107-15-3,0.9960202486229839
69-72-7,0.9037188037700445
109-70-6,0.3717552305118549
16712-64-4,1.0347456977169533
78-84-2,1.3441060113073484
110-73-6,1.2272694722734285
2402-79-1,0.4060215823344377
33629-47-9,0.1295436391603196
79-24-3,0.7259096234497265
694-83-7,0.6979521088050165
124-07-2,1.418623476115948
9016-45-9,0.9083639425334151
8000-34-8,0.8136271091697329
98-82-8,1.237143150412562
5915-41-3,0.6242185228519783
92-15-9,0.8637702686242162
60-12-8,1.0511976518593769
7005-47-2,1.024885598423173
110-01-0,0.9295096386562506
59-50-7,0.7475100578192267
577-11-7,0.968998695033739
34256-82-1,0.7285357597256663
3060-89-7,0.6564609593226782
552-30-7,0.9794373172179196
6419-19-8,1.4464091607801268
91-20-3,1.08446236232669
56-23-5,0.7052737314451663
470-82-6,1.0431633595957386
94317-64-3,0.16862205016969595
115-84-4,1.1676606531457625
12427-38-2,0.33740627899816567
80-05-7,0.785090210711935
23950-58-5,0.6242815617715098
98-54-4,0.9602992679099895
15647-08-2,0.876696858205003
2008-41-5,0.7176413839037274
131766-73-9,1.085402131846111
13595-25-0,0.7737155503703199
125904-11-2,0.7261827047609997
80-62-6,1.1102542992286089
112-60-7,1.7655445574194235
96182-53-5,-0.4001420722177492
81-81-2,-0.4305673100919888
16752-77-5,-0.8838913249708586
556-61-6,0.3773193437599129
102-69-2,0.6953824379594834
143-50-0,-0.3933244418421544
75-31-0,0.8824447702941092
4170-30-3,0.7894948711514551
60-51-5,-0.23111001473325027
91-64-5,0.8791617455403458
1761-71-3,0.8113350687532768
76-57-3,-0.32285348865325764
3567-25-7,0.7451734779787992
2636-26-2,-0.614302571562187
118-96-7,0.059940184994674774
100-47-0,0.8247543527892282
13292-46-1,-0.2067448595848614
151-21-3,0.877349753556904
109-02-4,1.013378774413487
110-63-4,1.6492109462166487
107-92-6,1.2868498426236328
72-43-5,0.586713875561496
78-51-3,0.7964916218199336
123-05-7,1.3358470292098612
78-93-3,1.307438805506657
24544-04-5,0.7932866719992788
534-16-7,1.1958590666753754
67-72-1,0.4965312367788843
75-99-0,1.242275586373411
5959-89-7,1.465610302846946
22224-92-6,-0.8368826658459334
99-65-0,0.36107443341468987
2303-17-5,0.5181198754413
41198-08-7,-0.422770331498109
97-00-7,0.31890939888088876
88-72-2,0.8620033398729199
105-60-2,1.0690532533969992
1134-23-2,0.6814519261087101
115-27-5,-0.326359817719926
107-98-2,1.5606032408130626
6318-09-8,0.6116885396974154
97-39-2,0.4454682529412306
79-10-7,0.8193748705531035
69-09-0,-0.08796556909403279
154279-60-4,0.6011830303156221
97-74-5,0.5179402971939104
90-43-7,0.6987752229618023
99-08-1,0.8997397718144644
7287-19-6,0.8398416994338408
108-83-8,1.326409763750204
1563-66-2,-0.9993001144861366
549-18-8,0.21726107329108588
3033-62-3,0.7911596033470092
144-55-8,1.1958590666753754
107-05-1,0.4032955325814064
75-09-2,0.5785397432511731
71-43-2,1.012268118111454
62-73-7,-0.4730198453544361
333-41-5,-0.42876973298702403
13674-84-5,0.04826474238885498
56-38-2,-1.3911965948280933
